INSERT INTO `familias` (`id`, `nombre`, `mostrar`) VALUES
(0, 'ManiPedi', 1),
(1, 'Facial', 1),
(2, 'Cera', 1),
(3, 'Fotodepilación', 1),
(4, 'Corporal', 1),
(5, 'Cerrado', 0);


INSERT INTO `servicios` (`id`, `codigo`, `descripcion`, `precio`, `tiempo`, `idFamilia`) VALUES
(1, 'ABD', 'Abdomen', 75, 15, 2),
(2, 'AGEEXPR', 'Antiedad express', 25, 30, 1),
(3, 'AHA', 'Antimanchas A.H.A.', 50, 50, 1),
(4, 'ALB', 'Linea Alba', 35, 10,  2),
(5, 'AUTO', 'Cursillo Automaquillaje 1h', 50, 60, 1),
(6, 'AX', 'Axilas', 65, 10,  2),
(7, 'AXH', 'Axilas hombre', 75, 10,  2),
(8, 'BAR', 'Barbilla', 3, 10,  2),
(9, 'BRA', 'Brazos', 11, 15,  2),
(10, 'BRAH', 'Brazos hombre', 11, 30,  2),
(11, 'CEJ', 'Cejas', 65, 5,  2),
(12, 'CELLV', 'Anti-edad celulas madre', 68, 75, 1),
(13, 'Close11', 'CERRADO TODO EL DIA', 0, 660,  5),
(14, 'close15', 'CERRADO15 min', 0, 15,  5),
(15, 'Close4h', '4 HORAS', 0, 240,  5),
(16, 'close30', '30 min', 0, 30,  5),
(17, 'close3H', '3 HORAS', 0, 180,  5),
(18, 'Close1h', '1 HORA', 0, 60,  5),
(19, 'DES', 'Desincrustacion facial', 20, 20, 1),
(20, 'DHACOR', 'Bronceado Caña de Azúcar Cuerpo Completo', 23, 20, 4),
(21, 'DHAFA', 'Bronceado facial', 15, 15, 1),
(22, 'ENT', 'Piernas Enteras', 16, 20,  2),
(23, 'ENTH', 'Piernas Enteras Hombre', 18, 20,  2),
(24, 'ENTR', 'Entrecejo', 3, 5,  2),
(25, 'ESM', 'Esmaltar uñas', 5, 10,  0),
(26, 'ESMPER', 'Esmaltado permanente', 21, 60,  0),
(27, 'ESP', 'Espalda', 17, 20,  2),
(28, 'ESTCEJ', 'Estudio cejas', 12, 20,  2),
(29, 'EXTCLA', 'Extensiones Pestañas', 75, 120,  1),
(30, 'FAB', 'Abdomen', 13, 15, 3),
(31, 'FALB', 'Linea Alba', 13, 10, 3),
(32, 'FAX', 'Axilas', 26, 15, 3),
(33, 'FBAR', 'Barba', 26, 15, 3),
(34, 'FBRA', 'Brazos', 32, 30, 3),
(35, 'FENT', 'Piernas Enteras', 52, 30, 3),
(36, 'FENTR', 'Entrecejo', 13, 10, 3),
(37, 'FESP', 'Espalda hombre', 66, 30, 3),
(38, 'FGLU', 'Gluteos', 22, 20, 3),
(39, 'FHOM', 'Hombros', 26, 20, 3),
(40, 'FIBRA', 'Ingles Brasileñas', 52, 20, 3),
(41, 'FING', 'Ingles', 26, 20, 3),
(42, 'FINT', 'Pubis Integral', 79, 20, 3),
(43, 'FLAB', 'Labio', 13, 10, 3),
(44, 'FLUMB', 'Lumbares', 13, 10, 3),
(45, 'FMA', 'Manos', 26, 15, 3),
(46, 'FMBRA', 'Medios brazos', 22, 15, 3),
(47, 'FMED', 'Medias Piernas ', 26, 20, 3),
(48, 'FMEN', 'Mentón', 13, 10, 3),
(49, 'FNUC', 'Nuca', 13, 10, 3),
(50, 'FPAT', 'Patillas', 13, 15, 3),
(51, 'FPECH', 'Pecho hombre', 40, 30, 3),
(52, 'FPOM', 'Pómulos', 13, 10, 3),
(53, 'FPROMO', 'Foto piernas enteras + ingles + axilas', 59, 30, 3),
(54, 'FROD', 'Rodilla', 13, 15, 3),
(55, 'FSACR', 'Sacro', 26, 15, 3),
(56, 'FTOR', 'Torax', 26, 20, 3),
(57, 'FTRAP', 'Trapecio', 27, 20, 3),
(58, 'FTRAT', 'Tratamiento  con I.P.L', 60, 30, 3),
(59, 'GLICOL', 'Acido glicolico', 21, 40, 1),
(60, 'GLU', 'Gluteos', 65, 20,  2),
(61, 'GLUH', 'Gluteos Hombre', 9, 20,  2),
(62, 'H2O', 'Hidratante h2o', 42, 75, 1),
(63, 'HIDRAOX', 'Oxigenante celulas madre', 58, 90, 1),
(64, 'HIGE', 'Higiene Espalda', 35, 60,  4),
(65, 'HIGP', 'Higiene Purificante', 45, 75, 1),
(66, 'HOM', 'Hombros', 85, 20,  2),
(67, 'HYALUR', 'Tratamiento anti-edad ácido Hialuronico', 85, 75, 1),
(68, 'IBRA', 'Ingles Brasileñas', 13, 20,  2),
(69, 'ING', 'Ingles', 7, 15,  2),
(70, 'INT', 'Ingles Integral', 19, 30,  2),
(71, 'LAB', 'Labio', 3, 10,  2),
(73, 'LIMP', 'Limpieza facial sencilla', 25, 40, 1),
(74, 'LUM', 'Lumbares', 45, 15,  2),
(75, 'LUMH', 'Lumbares Hombre', 95, 15,  2),
(76, 'MAN', 'Manicura spa', 13, 30,  0),
(77, 'MANCAB', 'Manicura Caballero', 10, 20,  0),
(78, 'MANECO', 'Manicura express', 10, 20,  0),
(79, 'MANPER', 'Manicura con esmaltado permanente', 31, 60,  0),
(80, 'MANTRA', 'Manicura con tratamiento', 26, 45,  0),
(81, 'MANVIN', 'Manicura Vinylux', 16, 30,  0),
(83, 'MAQLUX', 'Maquillaje fiesta', 30, 60, 1),
(84, 'MBRA', 'Medios brazos', 75, 15,  2),
(85, 'MBRAH', 'Medios brazos Hombre', 85, 15,  2),
(86, 'MED', 'Medias Piernas', 9, 15,  2),
(87, 'MEDH', 'Medias Piernas Hombre', 10, 15,  2),
(88, 'MEN', 'Mentón', 3, 5,  2),
(89, 'MIRPRO', 'Pack mirada profunda', 85, 90, 1),
(90, 'MUS', 'Muslos', 7, 30,  2),
(91, 'NUCA', 'Nuca', 65, 10,  2),
(92, 'NUCAH', 'Nuca Hombre', 75, 10,  2),
(93, 'OPADN', 'Anti-edad ADN', 55, 60, 1),
(94, 'ORO24', 'Tratamiento Oro', 86, 90, 1),
(95, 'PAR', 'Tratamiento exfoliante con parafina', 8, 15,  0),
(96, 'PAT', 'Patillas', 3, 10,  2),
(97, 'PECH', 'Pecho', 13, 20,  2),
(98, 'PED', 'Pedicura Spa', 25, 60,  0),
(99, 'PEDECO', 'Pedicura Fait et Fait', 17, 30,  0),
(100, 'PEDPER', 'Pedicura permanente', 42, 75,  0),
(101, 'PEPTIDE', 'Anti-edad efecto lifting con Peptidos', 80, 75,  1),
(102, 'PER', 'Permanente Pestañas', 20, 30, 1),
(103, 'POM', 'Pómulos', 35, 10,  2),
(104, 'REDC', 'Redensificante colageno', 32, 30, 1),
(105, 'REFBUS', 'Reafirmante busto', 315, 60,  4),
(106, 'RETPER', 'Retirar Permanente', 8, 30,  0),
(107, 'RETPOR', 'Retirar Porcelana', 20, 30,  0),
(108, 'SEMI', 'Ingle Semi-integral', 19, 30,  2),
(109, 'TCO', 'Tratamiento Contorno de Ojos', 40, 40, 1),
(110, 'TIN', 'Tinte pestañas', 12, 15, 1),
(111, 'TRAP', 'Trapecio', 85, 20,  2),
(112, 'TRTU', 'Uñas quebradas', 8, 15,  0),
(114, 'UÑASGEL', 'Uñas de gel', 40, 90,  0),
(116, 'WHITE', 'Tratamiento White', 68, 60, 1),
(120, 'PEDINT', 'Pedicura Integral', 40, 75,  0),
(121, 'MAQNOV', 'Maquillaje Novia', 45, 90,  1),
(122, 'close2h', 'cerrado 2 horas', 0, 120,  5),
(124, 'TLRA', 'Tratamiento Regeneración Absoluta', 60, 75,  1),
(125, 'LIFTI', 'Lifting Pestañas', 55, 60,  0);




INSERT INTO `usuarios` (`id`, `nombre`, `email`, `pass`, `tel`, `admin`, `obs`, `idioma`) VALUES
(1, 'Le Bouquet', 'admin@lebouquet.es', '5bf9378c304767abf77333fc526f4cc03f339825', '964063959', 1, NULL, 1),
(2, 'invitado', NULL, 'b6902f76c449b2c8a68ebce414edfa7c741dc71b', '964063959', 0, NULL, 1),
(7, 'Dunia Campos', NULL, 'eca2d542fe738869fbc0f6e8d4f8feb9aabe41cf', NULL, 0, NULL, 1),
(8, 'Isabel Basco', NULL, 'eca2d542fe738869fbc0f6e8d4f8feb9aabe41cf', '619104666', 0, NULL, 1),
(10, 'Maido Salvador Roda', NULL, 'eca2d542fe738869fbc0f6e8d4f8feb9aabe41cf', '630440278', 0, NULL, 1),
(11, 'Ladis', NULL, 'eca2d542fe738869fbc0f6e8d4f8feb9aabe41cf', NULL, 0, NULL, 1),
(12, 'Rebeca Andreu Catalan', 'rebeca_andreu@yahoo.com', 'c904e7c2b31b20d35783ad7569ba6390d706496f', NULL, 0, NULL, NULL),
(13, 'Mara Zuñiga', NULL, 'eca2d542fe738869fbc0f6e8d4f8feb9aabe41cf', NULL, 0, NULL, NULL),
(14, 'Dunia Gormaz Campos', NULL, 'eca2d542fe738869fbc0f6e8d4f8feb9aabe41cf', NULL, 0, NULL, NULL),
(15, 'Maria Pitarch', NULL, 'eca2d542fe738869fbc0f6e8d4f8feb9aabe41cf', NULL, 0, NULL, NULL),
(16, 'Maite Sos', NULL, 'eca2d542fe738869fbc0f6e8d4f8feb9aabe41cf', NULL, 0, NULL, NULL),
(17, 'M.Angeles Inunciaga', NULL, 'eca2d542fe738869fbc0f6e8d4f8feb9aabe41cf', '636543032', 0, NULL, NULL),
(18, 'Jose Luis Garcia', NULL, 'eca2d542fe738869fbc0f6e8d4f8feb9aabe41cf', '659938861', 0, NULL, NULL),
(19, 'Charo Tirado', NULL, 'eca2d542fe738869fbc0f6e8d4f8feb9aabe41cf', '620759934', 0, NULL, NULL),
(20, 'Eva Casanova', NULL, 'eca2d542fe738869fbc0f6e8d4f8feb9aabe41cf', NULL, 0, NULL, NULL),
(21, 'Asuncion de Barrio', NULL, 'eca2d542fe738869fbc0f6e8d4f8feb9aabe41cf', NULL, 0, NULL, 0),
(22, 'Concepción Carrillo Soto', NULL, NULL, '964253626', 0, '626 939 523', 0),
(23, 'Elena Querol', NULL, NULL, '671211803', 0, NULL, 0),
(24, 'Sonia 2', NULL, 'eca2d542fe738869fbc0f6e8d4f8feb9aabe41cf', NULL, 0, NULL, NULL),
(27, 'Susana Navarro', NULL, 'eca2d542fe738869fbc0f6e8d4f8feb9aabe41cf', '634552537', 0, NULL, NULL),
(28, 'Pilar Escrig', NULL, NULL, '964227398', 0, NULL, 0),
(29, 'Concha Pitart', NULL, 'eca2d542fe738869fbc0f6e8d4f8feb9aabe41cf', NULL, 0, NULL, NULL),
(30, 'Tica Escuder', NULL, 'eca2d542fe738869fbc0f6e8d4f8feb9aabe41cf', '670815641', 0, NULL, NULL),
(31, 'Maribel 2', NULL, 'eca2d542fe738869fbc0f6e8d4f8feb9aabe41cf', NULL, 0, NULL, NULL),
(32, 'Cristi', NULL, 'eca2d542fe738869fbc0f6e8d4f8feb9aabe41cf', NULL, 0, NULL, NULL),
(34, 'Tona Mateu', NULL, NULL, '646301718', 0, NULL, 0),
(35, 'M.Carmen Mut', NULL, 'eca2d542fe738869fbc0f6e8d4f8feb9aabe41cf', NULL, 0, NULL, NULL),
(37, 'M.Jesus Roig', NULL, NULL, '616774624', 0, NULL, 0),
(39, 'Fernando X', NULL, 'eca2d542fe738869fbc0f6e8d4f8feb9aabe41cf', NULL, 0, NULL, NULL),
(40, 'Mila Capilla', NULL, 'eca2d542fe738869fbc0f6e8d4f8feb9aabe41cf', NULL, 0, NULL, NULL),
(42, 'Mayte Ramos', NULL, 'eca2d542fe738869fbc0f6e8d4f8feb9aabe41cf', '616095658', 0, NULL, NULL),
(44, 'Silvia Ibañez', NULL, 'eca2d542fe738869fbc0f6e8d4f8feb9aabe41cf', NULL, 0, NULL, NULL),
(45, 'Montse Moreno', NULL, 'eca2d542fe738869fbc0f6e8d4f8feb9aabe41cf', NULL, 0, NULL, NULL),
(47, 'Ana Alansotegui', 'ana.alansotegui@gmail.com', '1cef14d0c021718a49a192a138e3eef1b5607465', '666955831', 0, NULL, 0),
(48, 'Vanessa Pelaez', 'Raulvanessa@hotmail.com', '410013f679f8a5f0c2995c0432467124ef7cea10', NULL, 0, NULL, NULL),
(49, 'Serena Pons', 'serenapons@hotmail.com', 'df2983700ffecb52e6649f0cb3981b66537083a4', NULL, 0, NULL, NULL),
(50, 'Cristina Lacasa', NULL, 'eca2d542fe738869fbc0f6e8d4f8feb9aabe41cf', '964205407  699330670', 0, NULL, 0),
(51, 'Belen Voltes', NULL, 'eca2d542fe738869fbc0f6e8d4f8feb9aabe41cf', NULL, 0, NULL, NULL),
(52, 'Gloria Pallares', NULL, 'eca2d542fe738869fbc0f6e8d4f8feb9aabe41cf', NULL, 0, NULL, NULL),
(55, 'M.Carmen Lopez', NULL, 'eca2d542fe738869fbc0f6e8d4f8feb9aabe41cf', NULL, 0, NULL, NULL),
(56, 'Elena Llobregat', NULL, 'eca2d542fe738869fbc0f6e8d4f8feb9aabe41cf', NULL, 0, NULL, NULL),
(57, 'M.Luisa Ballester', NULL, 'eca2d542fe738869fbc0f6e8d4f8feb9aabe41cf', '617312376', 0, NULL, NULL),
(58, 'Monica Martinez', NULL, 'eca2d542fe738869fbc0f6e8d4f8feb9aabe41cf', NULL, 0, NULL, NULL),
(60, 'Norma Celia', NULL, 'eca2d542fe738869fbc0f6e8d4f8feb9aabe41cf', '626072105', 0, NULL, NULL),
(61, 'Celia Martin', NULL, 'da39a3ee5e6b4b0d3255bfef95601890afd80709', '619578318', 0, NULL, 0),
(62, 'Rosi Corona', NULL, 'eca2d542fe738869fbc0f6e8d4f8feb9aabe41cf', '685823954', 0, NULL, 0),
(63, 'Pilar Montoliu', NULL, NULL, '630244403', 0, NULL, 0),
(64, 'Paula Gisbert', NULL, 'eca2d542fe738869fbc0f6e8d4f8feb9aabe41cf', NULL, 0, NULL, NULL),
(65, 'Carlota Felip*', NULL, NULL, NULL, 0, NULL, 0),
(67, 'Sabina Bueso', NULL, 'eca2d542fe738869fbc0f6e8d4f8feb9aabe41cf', '699310205', 0, NULL, 0),
(68, 'Aurora Ruiz', NULL, 'eca2d542fe738869fbc0f6e8d4f8feb9aabe41cf', NULL, 0, NULL, NULL),
(69, 'Begoña Estelles', NULL, 'eca2d542fe738869fbc0f6e8d4f8feb9aabe41cf', NULL, 0, NULL, NULL),
(70, 'Susana Vilariño', NULL, NULL, '639671050', 0, NULL, 0),
(72, 'Maria Fortuño', NULL, 'eca2d542fe738869fbc0f6e8d4f8feb9aabe41cf', NULL, 0, NULL, NULL),
(74, 'Susana Felis', 'susana.felisfranch@gmail.com', 'da39a3ee5e6b4b0d3255bfef95601890afd80709', '629861857', 0, NULL, 0),
(75, 'Mavi Llobregat', NULL, 'eca2d542fe738869fbc0f6e8d4f8feb9aabe41cf', NULL, 0, NULL, NULL),
(76, 'Raquel Andreu', NULL, NULL, '610527097', 0, NULL, 0),
(77, 'Natacha Saez*', NULL, NULL, NULL, 0, NULL, 0),
(78, 'Alicia Bausa', NULL, 'eca2d542fe738869fbc0f6e8d4f8feb9aabe41cf', NULL, 0, NULL, NULL),
(79, 'Agueda Rodenos', NULL, 'eca2d542fe738869fbc0f6e8d4f8feb9aabe41cf', '964051936', 0, NULL, 0),
(81, 'Luna Esteban', NULL, 'eca2d542fe738869fbc0f6e8d4f8feb9aabe41cf', NULL, 0, NULL, NULL),
(82, 'Juan Fran', NULL, 'eca2d542fe738869fbc0f6e8d4f8feb9aabe41cf', NULL, 0, NULL, NULL),
(83, 'Jessica Rodriguez Ventura', NULL, NULL, '690002768', 0, NULL, 0),
(84, 'Andrea Vila', NULL, 'eca2d542fe738869fbc0f6e8d4f8feb9aabe41cf', NULL, 0, NULL, NULL),
(85, 'Alba Sebastian', NULL, NULL, '699611023', 0, NULL, 0),
(86, 'Neus Gil', NULL, 'eca2d542fe738869fbc0f6e8d4f8feb9aabe41cf', NULL, 0, NULL, NULL),
(88, 'Laura Rubert Ballester', NULL, NULL, '696945584', 0, NULL, 0),
(89, 'Diana Molina', NULL, 'eca2d542fe738869fbc0f6e8d4f8feb9aabe41cf', NULL, 0, NULL, NULL),
(90, 'enma Moral', NULL, NULL, '609761371', 0, NULL, 0),
(91, 'Dani Harraka', NULL, 'eca2d542fe738869fbc0f6e8d4f8feb9aabe41cf', NULL, 0, NULL, NULL),
(92, 'Alejandra Fonfria', NULL, 'eca2d542fe738869fbc0f6e8d4f8feb9aabe41cf', NULL, 0, NULL, NULL),
(93, 'Lorena Gonzalez', NULL, NULL, '675219791', 0, NULL, 0),
(94, 'Esmeralda Rodriguez', NULL, 'eca2d542fe738869fbc0f6e8d4f8feb9aabe41cf', '677798274', 0, NULL, NULL),
(96, 'Silvana Chabrera', NULL, NULL, '619154020', 0, NULL, 0),
(97, 'M.Angeles Trilles', NULL, 'eca2d542fe738869fbc0f6e8d4f8feb9aabe41cf', NULL, 0, NULL, NULL),
(98, 'Julia Vilar', NULL, NULL, '660591059', 0, NULL, 0),
(99, 'Sandra Soto López', 'sandrita-sl@hotmail.com', '011c945f30ce2cbafc452f39840f025693339c42', '646169682', 0, NULL, NULL),
(100, 'Isabel Tomas', NULL, 'eca2d542fe738869fbc0f6e8d4f8feb9aabe41cf', NULL, 0, NULL, NULL),
(103, 'Teresa Maicas', NULL, 'eca2d542fe738869fbc0f6e8d4f8feb9aabe41cf', '964244498', 0, NULL, NULL),
(104, 'Maisu Aragones', NULL, 'eca2d542fe738869fbc0f6e8d4f8feb9aabe41cf', NULL, 0, NULL, NULL),
(105, 'Maria', NULL, 'eca2d542fe738869fbc0f6e8d4f8feb9aabe41cf', NULL, 0, NULL, NULL),
(106, 'Vicky Moreda', NULL, 'eca2d542fe738869fbc0f6e8d4f8feb9aabe41cf', NULL, 0, NULL, NULL),
(108, 'Tere Belles', NULL, 'eca2d542fe738869fbc0f6e8d4f8feb9aabe41cf', NULL, 0, NULL, NULL),
(109, 'Monica Facundo', NULL, 'eca2d542fe738869fbc0f6e8d4f8feb9aabe41cf', '600383856', 0, NULL, 0),
(110, 'Ines', NULL, 'eca2d542fe738869fbc0f6e8d4f8feb9aabe41cf', NULL, 0, NULL, NULL),
(111, 'Teresa Beltran', NULL, 'eca2d542fe738869fbc0f6e8d4f8feb9aabe41cf', NULL, 0, NULL, NULL),
(112, 'Fina Gomez', NULL, 'eca2d542fe738869fbc0f6e8d4f8feb9aabe41cf', '964208051', 0, NULL, NULL),
(113, 'Maria Albero', NULL, 'da39a3ee5e6b4b0d3255bfef95601890afd80709', NULL, 0, NULL, NULL),
(114, 'Marta olucha', NULL, NULL, '609370299', 0, NULL, 0),
(115, 'Eva Penichet', NULL, 'da39a3ee5e6b4b0d3255bfef95601890afd80709', '659641666', 0, NULL, NULL),
(116, 'Andrea Vivas', NULL, 'da39a3ee5e6b4b0d3255bfef95601890afd80709', NULL, 0, NULL, NULL),
(117, 'Marian Marazuela', NULL, 'eca2d542fe738869fbc0f6e8d4f8feb9aabe41cf', '626961830', 0, NULL, NULL),
(118, 'Patricia Ferre', NULL, 'da39a3ee5e6b4b0d3255bfef95601890afd80709', NULL, 0, NULL, NULL),
(119, 'M.Dolores Iglesias', NULL, 'da39a3ee5e6b4b0d3255bfef95601890afd80709', '699499768', 0, NULL, NULL),
(120, 'M.Teresa Moll', NULL, 'eca2d542fe738869fbc0f6e8d4f8feb9aabe41cf', NULL, 0, NULL, NULL),
(121, 'Hortensia Chulilla', NULL, 'da39a3ee5e6b4b0d3255bfef95601890afd80709', '659119016', 0, NULL, NULL),
(123, 'Maria Llopis', NULL, 'da39a3ee5e6b4b0d3255bfef95601890afd80709', NULL, 0, NULL, NULL),
(124, 'Paco Mateu', NULL, 'da39a3ee5e6b4b0d3255bfef95601890afd80709', NULL, 0, NULL, NULL),
(125, 'Elena Castell', NULL, 'da39a3ee5e6b4b0d3255bfef95601890afd80709', NULL, 0, NULL, NULL),
(126, 'Juan Mateu', NULL, 'da39a3ee5e6b4b0d3255bfef95601890afd80709', NULL, 0, NULL, NULL),
(127, 'Lidón Marmaneu Martinez', 'transmarsan@yahoo.es', '1b0838c70bea850b83e43af711eb4ecb1f2ed76d', '630517826', 0, NULL, NULL),
(128, 'Susana Saiz', NULL, 'da39a3ee5e6b4b0d3255bfef95601890afd80709', NULL, 0, NULL, NULL),
(129, 'Enrique Tena', NULL, NULL, '627349950', 0, NULL, 0),
(130, 'Lydia Vicent', NULL, 'da39a3ee5e6b4b0d3255bfef95601890afd80709', '627651177', 0, NULL, 0),
(131, 'Patricia Solanes', 'pat_sopera@hotmail.com', 'aa6edbc5fb183318b05025dad0059a72da6e98a4', '605314946', 0, NULL, NULL),
(132, 'Rosa Miro', NULL, 'da39a3ee5e6b4b0d3255bfef95601890afd80709', NULL, 0, NULL, NULL),
(133, 'Paula', NULL, 'da39a3ee5e6b4b0d3255bfef95601890afd80709', NULL, 0, NULL, NULL),
(134, 'Petri Gonzalez', NULL, 'da39a3ee5e6b4b0d3255bfef95601890afd80709', NULL, 0, NULL, NULL),
(135, 'Maria Sales Nuñiz*', NULL, NULL, '619260770', 0, NULL, 0),
(137, 'Inma Garcia', NULL, 'da39a3ee5e6b4b0d3255bfef95601890afd80709', NULL, 0, NULL, NULL),
(140, 'Alejandro Llorente', NULL, 'da39a3ee5e6b4b0d3255bfef95601890afd80709', NULL, 0, NULL, NULL),
(141, 'M.Amparo Garcia', NULL, 'da39a3ee5e6b4b0d3255bfef95601890afd80709', NULL, 0, NULL, NULL),
(142, 'Carlota Vellber', NULL, 'da39a3ee5e6b4b0d3255bfef95601890afd80709', NULL, 0, NULL, NULL),
(143, 'Sandra Granell', NULL, 'da39a3ee5e6b4b0d3255bfef95601890afd80709', NULL, 0, NULL, NULL),
(144, 'Estela', NULL, 'da39a3ee5e6b4b0d3255bfef95601890afd80709', '696125119', 0, NULL, NULL),
(145, 'Sandra Salazar', NULL, 'da39a3ee5e6b4b0d3255bfef95601890afd80709', NULL, 0, NULL, NULL),
(147, 'Patri', NULL, 'da39a3ee5e6b4b0d3255bfef95601890afd80709', NULL, 0, NULL, NULL),
(149, 'Monica Sanchis', NULL, 'da39a3ee5e6b4b0d3255bfef95601890afd80709', NULL, 0, NULL, NULL),
(150, 'Alicia Morales Rivas', 'alicia@dinamicacs.com', '31795d24fd90017b9d35ee4d931e4f3ec4b4aaf2', '696065735', 0, NULL, NULL),
(151, 'Andrea Sales', NULL, 'da39a3ee5e6b4b0d3255bfef95601890afd80709', NULL, 0, NULL, NULL),
(153, 'Andrea Bru Roig', 'andreabr_87@hotmail.com', '5cd363b64a516812523357a215a4f5aaf30079ed', '686555391', 0, NULL, NULL),
(154, 'Balma Tirado Llobregat', NULL, 'da39a3ee5e6b4b0d3255bfef95601890afd80709', NULL, 0, NULL, NULL),
(155, 'Palmira *', NULL, 'da39a3ee5e6b4b0d3255bfef95601890afd80709', NULL, 0, NULL, NULL),
(156, 'Esther Alansotegui Armelles', 'ealansotegui@gmail.com', 'a6fec2662e61047ec9040d43e9ee02fa073d40c6', '606135251', 0, NULL, NULL),
(157, 'Adriana Rodriguez Caro', NULL, NULL, NULL, 0, NULL, 0),
(158, 'Marcela', NULL, 'da39a3ee5e6b4b0d3255bfef95601890afd80709', NULL, 0, NULL, NULL),
(160, 'Andrea Valera', NULL, 'da39a3ee5e6b4b0d3255bfef95601890afd80709', NULL, 0, NULL, NULL),
(161, 'Raquel Sales', NULL, 'da39a3ee5e6b4b0d3255bfef95601890afd80709', NULL, 0, NULL, NULL),
(162, 'Julia Soler', NULL, NULL, '964243667', 0, NULL, 0),
(163, 'Balma Andreu', 'andreucatalanb@gmail.com', 'da39a3ee5e6b4b0d3255bfef95601890afd80709', '670530413', 0, NULL, NULL),
(165, 'Vicenta Juan Lizandra', NULL, 'da39a3ee5e6b4b0d3255bfef95601890afd80709', NULL, 0, NULL, NULL),
(166, 'Berta Doñate', NULL, NULL, '625468283', 0, NULL, 0),
(168, 'Sonia Siurana', NULL, 'da39a3ee5e6b4b0d3255bfef95601890afd80709', NULL, 0, NULL, NULL),
(169, 'Irene Guinot Felis', 'irene.guinotfelis@gmail.com', '9dca22911b42e27a1c9f02008fc1085bacb44bde', '620696374', 0, NULL, NULL),
(170, 'Maria Sidro Guaita', NULL, 'da39a3ee5e6b4b0d3255bfef95601890afd80709', NULL, 0, NULL, NULL),
(171, 'M.Jose Sisamón', NULL, 'da39a3ee5e6b4b0d3255bfef95601890afd80709', NULL, 0, NULL, NULL),
(172, 'Flori', NULL, 'da39a3ee5e6b4b0d3255bfef95601890afd80709', NULL, 0, NULL, NULL),
(174, 'Ofelia', NULL, 'da39a3ee5e6b4b0d3255bfef95601890afd80709', NULL, 0, NULL, NULL),
(175, 'Ofelia*', NULL, 'da39a3ee5e6b4b0d3255bfef95601890afd80709', NULL, 0, NULL, NULL),
(176, 'Alejandra Peris', NULL, 'da39a3ee5e6b4b0d3255bfef95601890afd80709', NULL, 0, NULL, NULL),
(177, 'Elena Valls Boigues', NULL, 'da39a3ee5e6b4b0d3255bfef95601890afd80709', '695996999', 0, NULL, NULL),
(179, 'Gisela', NULL, 'eca2d542fe738869fbc0f6e8d4f8feb9aabe41cf', '657300427', 0, NULL, NULL),
(180, 'Isabel Pelayo', NULL, 'da39a3ee5e6b4b0d3255bfef95601890afd80709', NULL, 0, NULL, NULL),
(181, 'Marta Alegre', NULL, 'da39a3ee5e6b4b0d3255bfef95601890afd80709', NULL, 0, NULL, NULL),
(183, 'Carla Tirado Vilar', NULL, 'da39a3ee5e6b4b0d3255bfef95601890afd80709', NULL, 0, NULL, NULL),
(184, 'Sandra Veiga', NULL, 'da39a3ee5e6b4b0d3255bfef95601890afd80709', NULL, 0, NULL, NULL),
(185, 'Lorena Darás', 'l.daras.b@gmail.com', '747d0ad4986d0b9b05d00dacb9305378a8172088', '600835668', 0, NULL, NULL),
(187, 'Losar', NULL, NULL, '696677547', 0, NULL, 0),
(188, 'Patri Ferrer', NULL, 'da39a3ee5e6b4b0d3255bfef95601890afd80709', NULL, 0, NULL, NULL),
(189, 'Marta Garcia*', NULL, 'da39a3ee5e6b4b0d3255bfef95601890afd80709', NULL, 0, NULL, NULL),
(190, 'Lidia Isert Solsona', 'lisert25@hotmail.com', '140a5652779baa804d0e060e269ea7b009c41cd1', '607451162', 0, NULL, NULL),
(191, 'Pili Tena', 'mariapilartena@gmail.com', '3e57ab445feaf8b1cd7eacd667d1f258dafae3e6', '650364196', 0, NULL, NULL),
(192, 'Lledó Llobregat Bel', 'lledollobregat@gmail.com', '8ecf96fa45c03b3d0bce99c84740892085c49500', '601297415', 1, NULL, 0),
(193, 'Elo', NULL, 'da39a3ee5e6b4b0d3255bfef95601890afd80709', NULL, 0, NULL, NULL),
(194, 'Isabel Fabregat', NULL, 'da39a3ee5e6b4b0d3255bfef95601890afd80709', NULL, 0, NULL, NULL),
(195, 'ELENA LAHOZ CASINOS', 'ellaca1@yahoo.es', 'd8ce34d245417d0c80cea92fcd45914baf1e5421', '664685422', 0, NULL, NULL),
(196, 'Judith Vela', NULL, 'da39a3ee5e6b4b0d3255bfef95601890afd80709', NULL, 0, NULL, NULL),
(197, 'Maria Guinot Felis', NULL, 'da39a3ee5e6b4b0d3255bfef95601890afd80709', '646342541', 0, NULL, 0),
(198, 'Maite Fornes', NULL, 'eca2d542fe738869fbc0f6e8d4f8feb9aabe41cf', '679878412', 0, NULL, NULL),
(199, 'Sonia García Piñana', 'sonisonic.gp@gmail.com', 'ae0e1e4ea87bd712c08a79dbf6341d6f1f7b7310', '635519337', 0, NULL, NULL),
(200, 'Silvia Martinez', 'soysilviamartinez@hotmail.com', NULL, '617814672', 0, NULL, 0),
(201, 'Amparo Polo', NULL, 'da39a3ee5e6b4b0d3255bfef95601890afd80709', '915613198', 0, NULL, NULL),
(202, 'Elo Brussels', 'al316543@uji.es', '539b31b6587e3460fb9e92071bf59af6c6c957b7', '673402041', 0, NULL, NULL),
(203, 'Paloma Sales Ruiz', 'palomasales93@gmail.com', 'da39a3ee5e6b4b0d3255bfef95601890afd80709', '657031893', 0, NULL, NULL),
(204, 'M.Angeles Beltran', NULL, NULL, '964223790', 0, NULL, 0),
(206, 'Sofia Luft', NULL, 'da39a3ee5e6b4b0d3255bfef95601890afd80709', NULL, 0, NULL, NULL),
(207, 'Vivien', NULL, 'da39a3ee5e6b4b0d3255bfef95601890afd80709', NULL, 0, NULL, NULL),
(208, 'Manuel Noriega', NULL, 'eca2d542fe738869fbc0f6e8d4f8feb9aabe41cf', '633449983', 0, NULL, 0),
(209, 'M.Dolores Miranda', NULL, 'da39a3ee5e6b4b0d3255bfef95601890afd80709', NULL, 0, NULL, NULL),
(210, 'Nela Selvert', NULL, 'da39a3ee5e6b4b0d3255bfef95601890afd80709', NULL, 0, NULL, NULL),
(211, 'Patricia Sanahuja', NULL, 'da39a3ee5e6b4b0d3255bfef95601890afd80709', NULL, 0, NULL, NULL),
(212, 'Maria Gordo', NULL, 'eca2d542fe738869fbc0f6e8d4f8feb9aabe41cf', '627501571', 0, NULL, NULL),
(213, 'Conchin Almela', NULL, 'da39a3ee5e6b4b0d3255bfef95601890afd80709', '607627881', 0, NULL, 0),
(216, 'Miriam Bru', 'miribru@hotmail.com', '5bd8d3da3850191f78d4c775ecfa18c91914bc9e', '669139448', 0, NULL, NULL),
(217, 'Marian Labernia', NULL, 'da39a3ee5e6b4b0d3255bfef95601890afd80709', NULL, 0, NULL, NULL),
(218, 'Rosana Laguia Torrea', NULL, 'eca2d542fe738869fbc0f6e8d4f8feb9aabe41cf', '667781855', 0, NULL, NULL),
(219, 'Alejandra Artola', NULL, 'da39a3ee5e6b4b0d3255bfef95601890afd80709', NULL, 0, NULL, NULL),
(220, 'Susana Gimeno', NULL, NULL, '608445608', 0, NULL, 0),
(221, 'Gemma', NULL, 'da39a3ee5e6b4b0d3255bfef95601890afd80709', NULL, 0, NULL, NULL),
(222, 'mavi llobregat bel', 'mavi@akkubatt.es', '9a04c15c47acbefccdf4bb3d16714867510e1a0c', '672288503', 0, NULL, NULL),
(223, 'Maribel Legal', NULL, 'da39a3ee5e6b4b0d3255bfef95601890afd80709', NULL, 0, NULL, NULL),
(224, 'Lidia Rubert Ballester', NULL, 'da39a3ee5e6b4b0d3255bfef95601890afd80709', NULL, 0, NULL, NULL),
(225, 'Cristina Beltran', NULL, 'da39a3ee5e6b4b0d3255bfef95601890afd80709', NULL, 0, NULL, NULL),
(226, 'Natalia Tejedor', NULL, 'da39a3ee5e6b4b0d3255bfef95601890afd80709', NULL, 0, NULL, NULL),
(227, 'Ana', NULL, 'da39a3ee5e6b4b0d3255bfef95601890afd80709', NULL, 0, NULL, NULL),
(228, 'Lucia', NULL, 'eca2d542fe738869fbc0f6e8d4f8feb9aabe41cf', '646532147', 0, NULL, NULL),
(229, 'Nuria Claros*', NULL, 'da39a3ee5e6b4b0d3255bfef95601890afd80709', NULL, 0, NULL, 0),
(235, 'cristina prades aguilar', 'cristinapradesaguilar@gmail.com', '3411a75b2d8e68a06e7488249fe9cf8020ff3b60', '964771126', 0, NULL, NULL),
(236, 'eva aguilar', 'cristina.luis@hotmail.es', '3da1befff5b5c75e2e99948ffb230642c19fac6a', '964771126', 0, NULL, NULL),
(238, 'eva aguilar nu', 'eaguinu@gmail.com', '3da1befff5b5c75e2e99948ffb230642c19fac6a', '964771126', 0, NULL, NULL),
(239, 'dolores miranda', NULL, 'da39a3ee5e6b4b0d3255bfef95601890afd80709', NULL, 0, NULL, NULL),
(240, 'Maria Poveda', NULL, 'da39a3ee5e6b4b0d3255bfef95601890afd80709', '618302889', 0, NULL, NULL),
(241, 'Alba Royo', NULL, 'da39a3ee5e6b4b0d3255bfef95601890afd80709', NULL, 0, NULL, NULL),
(242, 'Elena Adell', NULL, 'da39a3ee5e6b4b0d3255bfef95601890afd80709', NULL, 0, NULL, NULL),
(243, 'Blanca Gil', NULL, 'da39a3ee5e6b4b0d3255bfef95601890afd80709', NULL, 0, NULL, NULL),
(244, 'Maria Herranz', NULL, 'eca2d542fe738869fbc0f6e8d4f8feb9aabe41cf', NULL, 0, NULL, NULL),
(245, 'Ana Pepin', NULL, 'da39a3ee5e6b4b0d3255bfef95601890afd80709', NULL, 0, NULL, NULL),
(247, 'Andrea Vilar', 'andreavikarbarrachina@gmail.com', 'b131dc5a02a6c23904b60767b3db1ff482ce0bfd', '663370969', 0, NULL, NULL),
(248, 'Cristina Mas', NULL, NULL, '651384475', 0, NULL, 0),
(250, 'Andrea Vilar Barrachina', 'andreavilarbarrachina@gmail.com', '16d4e73e8901948850c280e55d648d7cfe9192bf', '663370969', 0, NULL, NULL),
(251, 'Marta Saez', NULL, 'da39a3ee5e6b4b0d3255bfef95601890afd80709', NULL, 0, NULL, NULL),
(252, 'Ana Sanz', 'ayquebiencst@gmail.com', '4c2b53f61a104fb1de4b8d3e8d9ee60925667bd4', '673305712', 0, NULL, NULL),
(253, 'Paquita Mas', NULL, 'da39a3ee5e6b4b0d3255bfef95601890afd80709', NULL, 0, NULL, NULL),
(254, 'Maria Lopez Cabedo', NULL, 'da39a3ee5e6b4b0d3255bfef95601890afd80709', NULL, 0, NULL, NULL),
(255, 'Andrea Barrera Ribes', 'andreabr_96@hotmail.com', '8ca51cf45f71f2ba054eb62b785b00347584db7b', '671513667', 0, NULL, 1),
(256, 'Rosa Mateu', NULL, 'da39a3ee5e6b4b0d3255bfef95601890afd80709', NULL, 0, NULL, NULL),
(257, 'Maria Arnau', NULL, 'da39a3ee5e6b4b0d3255bfef95601890afd80709', NULL, 0, NULL, NULL),
(258, 'Marta Perez Pons', NULL, 'da39a3ee5e6b4b0d3255bfef95601890afd80709', '677820304', 0, NULL, NULL),
(259, 'Raquel Sanagustin', NULL, 'da39a3ee5e6b4b0d3255bfef95601890afd80709', '964236805 669560233', 0, NULL, 0),
(260, 'Amal', NULL, 'da39a3ee5e6b4b0d3255bfef95601890afd80709', NULL, 0, NULL, NULL),
(261, 'estefani', NULL, 'da39a3ee5e6b4b0d3255bfef95601890afd80709', NULL, 0, NULL, NULL),
(262, 'asuncion Valero', NULL, 'da39a3ee5e6b4b0d3255bfef95601890afd80709', NULL, 0, NULL, NULL),
(263, 'Yolanda Sanchis', NULL, 'da39a3ee5e6b4b0d3255bfef95601890afd80709', '679931464', 0, NULL, NULL),
(264, 'Paula Dumont Conesa', 'pdumontc@gmail.com', '61bbbbb5e6f4ddef5f68474735929056f141175c', '635817864', 0, NULL, NULL),
(265, 'Sandra Lavall', NULL, 'da39a3ee5e6b4b0d3255bfef95601890afd80709', NULL, 0, NULL, NULL),
(266, 'Carla Bellver', NULL, 'da39a3ee5e6b4b0d3255bfef95601890afd80709', NULL, 0, NULL, NULL),
(267, 'Elisa Balaguer', NULL, 'da39a3ee5e6b4b0d3255bfef95601890afd80709', NULL, 0, NULL, NULL),
(269, 'Ana Maria Simon', NULL, NULL, '610808124', 0, NULL, 0),
(270, 'Clara Goterris Rullan', 'clara_rullan@hotmail.com', '78c25b669b6bbbd89beb2526e5b7dabbe30a142c', '679491710', 0, NULL, NULL),
(271, 'Rosa Simarro', NULL, NULL, '655212915', 0, NULL, 0),
(272, 'Mireia Dolz', NULL, 'da39a3ee5e6b4b0d3255bfef95601890afd80709', NULL, 0, NULL, NULL),
(273, 'Maria Luz Deiros Covelo', 'luzdeiros@hotmail.com', '52ef52c7161160a0001ab9009a40e4934a51297e', '670876582', 0, NULL, NULL),
(274, 'Susana Montañes', NULL, 'da39a3ee5e6b4b0d3255bfef95601890afd80709', NULL, 0, NULL, NULL),
(275, 'Meritxell', NULL, NULL, '644392391', 0, NULL, 0),
(276, 'Lledo Sales', NULL, 'da39a3ee5e6b4b0d3255bfef95601890afd80709', NULL, 0, NULL, NULL),
(277, 'oscar', NULL, 'da39a3ee5e6b4b0d3255bfef95601890afd80709', NULL, 0, NULL, NULL),
(278, 'Ana Maria Perez', NULL, 'da39a3ee5e6b4b0d3255bfef95601890afd80709', '600664945', 0, NULL, NULL),
(279, 'Clotilde', NULL, 'da39a3ee5e6b4b0d3255bfef95601890afd80709', '964067272', 0, NULL, NULL),
(280, 'Alba Amores Gil', 'AlbaAmores10@gmail.com', '37f855fc249607a00518e4f3faa3d3da53af3730', '695726356', 0, NULL, NULL),
(282, 'sara marco medina', 'misscupcakescastellon@hotmail.com', '412cf2cd57e31da4e25b93491690d25f3ce27e81', '610091932', 0, NULL, NULL),
(284, 'ana sanchez', NULL, 'da39a3ee5e6b4b0d3255bfef95601890afd80709', NULL, 0, NULL, NULL),
(287, 'Susana Montañés Balfagó', 'susana@fincasmontanes.es', 'b5d2fe08a937538b6d9f3b54704d6f62069a16ce', '657838946', 0, NULL, NULL),
(288, 'Alexandra Gómez Juárez', 'alexandra_000_10@hotmail.com', '96f164ad4d9b2b0dacf8ebee2bb1eeb3aa69adf1', '610968503', 0, NULL, NULL),
(289, 'quique llorente portero', 'k.ikello@hotmail.com', 'cffecbd6f5554405cea54b56890f75492fcfc99b', '696668859', 0, NULL, NULL),
(290, 'Beatriz Soler', NULL, 'da39a3ee5e6b4b0d3255bfef95601890afd80709', NULL, 0, NULL, NULL),
(291, 'Nerea Pinto', NULL, 'da39a3ee5e6b4b0d3255bfef95601890afd80709', NULL, 0, ' ', NULL),
(292, 'Mercedes*', NULL, 'da39a3ee5e6b4b0d3255bfef95601890afd80709', NULL, 0, ' ', NULL),
(293, 'Ana Cerdá', NULL, 'da39a3ee5e6b4b0d3255bfef95601890afd80709', NULL, 0, ' ', NULL),
(294, 'Mar', NULL, 'da39a3ee5e6b4b0d3255bfef95601890afd80709', NULL, 0, NULL, NULL),
(295, 'teresa ripolles', NULL, 'da39a3ee5e6b4b0d3255bfef95601890afd80709', NULL, 0, NULL, NULL),
(296, 'Laura Jimenez', NULL, NULL, '654115541', 0, NULL, 0),
(298, 'Susana Montañés Balfagó 2', 'susanamapara@gmail.com', 'da39a3ee5e6b4b0d3255bfef95601890afd80709', '657838946', 0, NULL, NULL),
(299, 'Virtudes*', NULL, NULL, '0.648301736', 0, NULL, 0),
(300, 'Pilar Cervera', NULL, 'da39a3ee5e6b4b0d3255bfef95601890afd80709', NULL, 0, NULL, NULL),
(301, 'Agnes Rouilleault', NULL, 'da39a3ee5e6b4b0d3255bfef95601890afd80709', NULL, 0, NULL, NULL),
(302, 'Enrique Tena Ibáñez', 'enrique.tena.ibanez@gmail.com', 'fc99b0c9fba346db84bc5317dfcc1b95c4a92445', '627349950', 0, NULL, 0),
(303, 'mercedes gomez', 'mercedesgomezdesala@gmail.com', '34834a2e738962b1aec3616d5a4254285fd50231', '637335043', 0, NULL, NULL),
(304, 'ANA Duro', NULL, 'da39a3ee5e6b4b0d3255bfef95601890afd80709', NULL, 0, NULL, NULL),
(305, 'silvia Gallego', NULL, 'da39a3ee5e6b4b0d3255bfef95601890afd80709', '676119866', 0, NULL, NULL),
(309, 'Yolanda Castello', NULL, NULL, '650907665', 0, NULL, 0),
(310, 'Ana Maria', NULL, 'da39a3ee5e6b4b0d3255bfef95601890afd80709', NULL, 0, NULL, NULL),
(311, 'Marta Tosca', NULL, 'da39a3ee5e6b4b0d3255bfef95601890afd80709', NULL, 0, NULL, NULL),
(312, 'Lidón Gil', NULL, 'da39a3ee5e6b4b0d3255bfef95601890afd80709', NULL, 0, NULL, NULL),
(313, 'melania*', NULL, 'da39a3ee5e6b4b0d3255bfef95601890afd80709', '964222272', 0, NULL, NULL),
(314, 'Delia', NULL, 'da39a3ee5e6b4b0d3255bfef95601890afd80709', '686665009', 0, NULL, NULL),
(315, 'Camelia*', NULL, 'da39a3ee5e6b4b0d3255bfef95601890afd80709', '673029730', 0, NULL, NULL),
(316, 'Mar Lledo', NULL, NULL, '670588976', 0, NULL, 0),
(317, 'Eva Roig', NULL, NULL, '690121390', 0, NULL, 0),
(318, 'Brigitte Carmelitas', NULL, 'da39a3ee5e6b4b0d3255bfef95601890afd80709', NULL, 0, NULL, NULL),
(319, 'Teresa Ribas', NULL, 'da39a3ee5e6b4b0d3255bfef95601890afd80709', '630170868', 0, NULL, 0),
(320, 'Nieves López Edo', 'nieveslopezedo@hotmail.com', '6d1816f176eb239156f25f814d90ec046c225c48', '690294491', 0, NULL, NULL),
(321, 'Lucia Gil', NULL, 'da39a3ee5e6b4b0d3255bfef95601890afd80709', '650526778', 0, NULL, NULL),
(322, 'Celia Ruiz lucendo', 'lucendo.celia@gmail.com', '0931a9f11dddac19c0b8b73aa995e14625b1c929', '615077663', 0, NULL, NULL),
(323, 'Mª Paz García Alegre', 'alegrem@uji.es', 'db6afa768ff3e6c53c4b6b7029c2f91affcfbaca', '651478180', 0, NULL, NULL),
(324, 'Susi Torres', NULL, 'da39a3ee5e6b4b0d3255bfef95601890afd80709', '616800503', 0, NULL, 0),
(325, 'Esther', NULL, 'da39a3ee5e6b4b0d3255bfef95601890afd80709', NULL, 0, NULL, NULL),
(326, 'Claudia Molina', NULL, 'da39a3ee5e6b4b0d3255bfef95601890afd80709', '679012212', 0, NULL, NULL),
(327, 'Laura Prades', NULL, 'da39a3ee5e6b4b0d3255bfef95601890afd80709', NULL, 0, NULL, NULL),
(328, 'Carolina Ruiz', NULL, NULL, '639641728', 0, NULL, 0),
(329, 'Marian García Seva', 'garcia_mansev@gva.es', '811904c0b28be621bfa81c57b78082adcacc5599', '600523694', 0, NULL, NULL),
(330, 'Laura Gomez', NULL, 'da39a3ee5e6b4b0d3255bfef95601890afd80709', NULL, 0, NULL, NULL),
(331, 'Dami Portolés', NULL, 'da39a3ee5e6b4b0d3255bfef95601890afd80709', '964059645', 0, NULL, NULL),
(332, 'Laura Pegueroles', NULL, 'da39a3ee5e6b4b0d3255bfef95601890afd80709', NULL, 0, NULL, NULL),
(333, 'M.Angeles Tena', NULL, 'da39a3ee5e6b4b0d3255bfef95601890afd80709', NULL, 0, NULL, NULL),
(334, 'Rosa Mont', NULL, 'da39a3ee5e6b4b0d3255bfef95601890afd80709', NULL, 0, NULL, NULL),
(335, 'Maria Martin Marin', NULL, 'da39a3ee5e6b4b0d3255bfef95601890afd80709', '617730481', 0, NULL, NULL),
(336, 'Dolores *', NULL, 'da39a3ee5e6b4b0d3255bfef95601890afd80709', NULL, 0, NULL, NULL),
(337, 'Esteher Marco', NULL, 'da39a3ee5e6b4b0d3255bfef95601890afd80709', NULL, 0, NULL, NULL),
(338, 'Sandra Martin Marin', NULL, 'da39a3ee5e6b4b0d3255bfef95601890afd80709', '607273697', 0, NULL, NULL),
(339, 'Emma', NULL, 'da39a3ee5e6b4b0d3255bfef95601890afd80709', NULL, 0, NULL, NULL),
(340, 'Inma Valverde', NULL, 'da39a3ee5e6b4b0d3255bfef95601890afd80709', NULL, 0, NULL, NULL),
(341, 'Miguel Angel Catalan', NULL, 'da39a3ee5e6b4b0d3255bfef95601890afd80709', NULL, 0, NULL, NULL),
(342, 'Lorena Ibañez', NULL, 'da39a3ee5e6b4b0d3255bfef95601890afd80709', NULL, 0, NULL, NULL),
(343, 'Francesca', NULL, 'da39a3ee5e6b4b0d3255bfef95601890afd80709', NULL, 0, NULL, NULL),
(344, 'Patricia Chover Blasco', 'patricia.chb@hotmail.com', 'da39a3ee5e6b4b0d3255bfef95601890afd80709', '607385500', 0, NULL, NULL),
(345, 'Vicenta Bel', NULL, 'da39a3ee5e6b4b0d3255bfef95601890afd80709', NULL, 0, NULL, NULL),
(346, 'Lledo Belenguer', NULL, 'da39a3ee5e6b4b0d3255bfef95601890afd80709', '607320098', 0, NULL, NULL),
(347, 'Cristina Artola', NULL, 'da39a3ee5e6b4b0d3255bfef95601890afd80709', NULL, 0, NULL, NULL),
(348, 'M.Angeles Martinez', NULL, 'da39a3ee5e6b4b0d3255bfef95601890afd80709', '630655013', 0, NULL, NULL),
(349, 'Carla Olucha', NULL, NULL, '658886000', 0, NULL, 0),
(350, 'Octavio*', NULL, NULL, '639770039', 0, NULL, 0),
(351, 'Silvana Escrig', NULL, 'da39a3ee5e6b4b0d3255bfef95601890afd80709', '608111373', 0, NULL, NULL),
(352, 'denisa', NULL, 'da39a3ee5e6b4b0d3255bfef95601890afd80709', NULL, 0, NULL, NULL),
(353, 'Isabel Tejedor', NULL, 'da39a3ee5e6b4b0d3255bfef95601890afd80709', NULL, 0, NULL, NULL),
(354, 'Angeles Martin', NULL, 'da39a3ee5e6b4b0d3255bfef95601890afd80709', NULL, 0, NULL, NULL),
(355, 'Alida', NULL, 'da39a3ee5e6b4b0d3255bfef95601890afd80709', NULL, 0, NULL, NULL),
(356, 'Consuelo Cebrian', NULL, 'da39a3ee5e6b4b0d3255bfef95601890afd80709', NULL, 0, NULL, NULL),
(357, 'Esther Toro', NULL, 'da39a3ee5e6b4b0d3255bfef95601890afd80709', '660594179', 0, NULL, NULL),
(359, 'Elsa Monfort Ferrando', NULL, 'da39a3ee5e6b4b0d3255bfef95601890afd80709', NULL, 0, NULL, NULL),
(360, 'Silvia Roca', NULL, 'da39a3ee5e6b4b0d3255bfef95601890afd80709', '692641853', 0, NULL, NULL),
(361, 'Victoria Ferreres', NULL, 'da39a3ee5e6b4b0d3255bfef95601890afd80709', '667500716', 0, NULL, NULL),
(362, 'Lledo Viciano', NULL, 'da39a3ee5e6b4b0d3255bfef95601890afd80709', '699712210', 0, NULL, NULL),
(363, 'Caty*', NULL, 'da39a3ee5e6b4b0d3255bfef95601890afd80709', NULL, 0, NULL, NULL),
(364, 'Conchin Muñoz', NULL, 'da39a3ee5e6b4b0d3255bfef95601890afd80709', NULL, 0, NULL, NULL),
(365, 'Ana Beltran Gonzalez', NULL, 'da39a3ee5e6b4b0d3255bfef95601890afd80709', '669415774', 0, NULL, NULL),
(366, 'Emilia Sanchez', NULL, 'da39a3ee5e6b4b0d3255bfef95601890afd80709', '678747645', 0, NULL, NULL),
(367, 'Nuria Castellano C.', NULL, 'da39a3ee5e6b4b0d3255bfef95601890afd80709', '666404836', 0, NULL, NULL),
(368, 'M.Dolores Rodriguez', NULL, 'da39a3ee5e6b4b0d3255bfef95601890afd80709', '600843930', 0, NULL, 0),
(369, 'Taïs Rodriguez', NULL, 'da39a3ee5e6b4b0d3255bfef95601890afd80709', '628558558', 0, NULL, NULL),
(370, 'Lorena Manrique', NULL, 'da39a3ee5e6b4b0d3255bfef95601890afd80709', NULL, 0, NULL, NULL),
(371, 'Nieves Catalan', NULL, 'da39a3ee5e6b4b0d3255bfef95601890afd80709', NULL, 0, NULL, NULL),
(372, 'Angela Cabedo', NULL, 'da39a3ee5e6b4b0d3255bfef95601890afd80709', '616291970', 0, NULL, NULL),
(373, 'Lola Sanchis', NULL, 'da39a3ee5e6b4b0d3255bfef95601890afd80709', NULL, 0, NULL, NULL),
(374, 'Rosa Mateu Pérez', 'rmateu@uji.es', '65e02b0ac2826f148118c1a11cd07cde12dad854', '673602577', 0, NULL, NULL),
(375, 'Teresa Fullera', NULL, 'da39a3ee5e6b4b0d3255bfef95601890afd80709', NULL, 0, NULL, NULL),
(376, 'M.jose Marti', NULL, 'da39a3ee5e6b4b0d3255bfef95601890afd80709', NULL, 0, NULL, NULL),
(377, 'Dori*', NULL, 'da39a3ee5e6b4b0d3255bfef95601890afd80709', NULL, 0, NULL, NULL),
(378, 'Miguel Sebastia', NULL, 'da39a3ee5e6b4b0d3255bfef95601890afd80709', NULL, 0, NULL, NULL),
(379, 'Nuria Aldama', NULL, 'da39a3ee5e6b4b0d3255bfef95601890afd80709', '639776460', 0, NULL, NULL),
(380, 'Reyes', NULL, 'da39a3ee5e6b4b0d3255bfef95601890afd80709', NULL, 0, NULL, NULL),
(381, 'Alicia Vidal', NULL, 'da39a3ee5e6b4b0d3255bfef95601890afd80709', NULL, 0, NULL, NULL),
(382, 'Arturo Saez', NULL, 'da39a3ee5e6b4b0d3255bfef95601890afd80709', '646139475', 0, NULL, NULL),
(383, 'Roxana', NULL, 'da39a3ee5e6b4b0d3255bfef95601890afd80709', NULL, 0, NULL, NULL),
(384, 'Paulina', NULL, 'da39a3ee5e6b4b0d3255bfef95601890afd80709', NULL, 0, NULL, NULL),
(385, 'inmaculada Navarro', NULL, 'da39a3ee5e6b4b0d3255bfef95601890afd80709', NULL, 0, NULL, NULL),
(386, 'Beatriz Villalba Martinez', 'b.villalbamartinez@hotmail.com', '528b276d8209f3777d3eee1853135c27e6c46c96', '609540368', 0, NULL, NULL),
(387, 'Jose Antonio Salazar', NULL, 'da39a3ee5e6b4b0d3255bfef95601890afd80709', NULL, 0, NULL, NULL),
(388, 'Monica Sanchis Alonso', 'msanchis68@yahoo.es', 'd3d111042f74ba6154999cbb60e1f994f22c8ed6', '699285949', 0, NULL, NULL),
(389, 'Ana Flich', NULL, 'da39a3ee5e6b4b0d3255bfef95601890afd80709', NULL, 0, NULL, NULL),
(390, 'Elisabeth Muñoz', NULL, 'da39a3ee5e6b4b0d3255bfef95601890afd80709', NULL, 0, NULL, NULL),
(391, 'Mavi Fayos', NULL, 'da39a3ee5e6b4b0d3255bfef95601890afd80709', NULL, 0, NULL, NULL),
(392, 'Marta Rodriguez', NULL, 'da39a3ee5e6b4b0d3255bfef95601890afd80709', NULL, 0, NULL, NULL),
(393, 'Rosa M, Garcia', NULL, 'da39a3ee5e6b4b0d3255bfef95601890afd80709', '606070069', 0, NULL, NULL),
(395, 'Guiomar', NULL, 'da39a3ee5e6b4b0d3255bfef95601890afd80709', NULL, 0, NULL, NULL),
(396, 'Jessica Gonzalez', NULL, 'da39a3ee5e6b4b0d3255bfef95601890afd80709', NULL, 0, NULL, NULL),
(397, 'Paula Oliete', NULL, 'da39a3ee5e6b4b0d3255bfef95601890afd80709', '661349058', 0, NULL, NULL),
(398, 'Lorena Ciurana', NULL, 'da39a3ee5e6b4b0d3255bfef95601890afd80709', NULL, 0, NULL, NULL),
(399, 'Tesa', NULL, 'da39a3ee5e6b4b0d3255bfef95601890afd80709', NULL, 0, NULL, NULL),
(400, 'Amparo*', NULL, 'da39a3ee5e6b4b0d3255bfef95601890afd80709', NULL, 0, NULL, NULL),
(401, 'Macu*', NULL, 'da39a3ee5e6b4b0d3255bfef95601890afd80709', NULL, 0, NULL, NULL),
(402, 'Irene Corredor', NULL, 'da39a3ee5e6b4b0d3255bfef95601890afd80709', '687083593', 0, NULL, NULL),
(403, 'Esteban Novillo Escribano', 'estebannovillo7@gmail.com', '1dec71bafdba7e3e1bfe9a8b6cb233beea5ecb41', '659947433', 0, NULL, NULL),
(404, 'Yolanda Sillero', NULL, 'da39a3ee5e6b4b0d3255bfef95601890afd80709', NULL, 0, NULL, NULL),
(405, 'Mireia Oliveros', NULL, 'da39a3ee5e6b4b0d3255bfef95601890afd80709', '630270005', 0, NULL, NULL),
(406, 'Carla Gargallo', NULL, NULL, NULL, 0, NULL, 0),
(407, 'Susana Soria*', NULL, NULL, '679183976', 0, NULL, 0),
(408, 'Noelia García Solsona', NULL, 'da39a3ee5e6b4b0d3255bfef95601890afd80709', NULL, 0, NULL, NULL),
(409, 'Bea Padan', NULL, 'da39a3ee5e6b4b0d3255bfef95601890afd80709', '645588139', 0, NULL, NULL),
(410, 'Nati', NULL, NULL, '679800625', 0, NULL, 0),
(411, 'maria Alcazar', NULL, NULL, NULL, 0, NULL, 1),
(412, 'Laura Maestre', NULL, 'da39a3ee5e6b4b0d3255bfef95601890afd80709', NULL, 0, NULL, NULL),
(413, 'Isabel Prades', NULL, 'da39a3ee5e6b4b0d3255bfef95601890afd80709', NULL, 0, NULL, NULL),
(414, 'Chelo Beltran', NULL, 'da39a3ee5e6b4b0d3255bfef95601890afd80709', '600487070', 0, NULL, NULL),
(415, 'Nuria Claros Barrachina', 'nuriaclaros@hotmail.com', '0f56e51b6252164575e2917830a63349fa9fd28c', '655766811', 0, NULL, NULL),
(416, 'Joaquin Rovira', NULL, 'da39a3ee5e6b4b0d3255bfef95601890afd80709', '677424015', 0, NULL, NULL),
(417, 'Inma Delgado', NULL, 'da39a3ee5e6b4b0d3255bfef95601890afd80709', NULL, 0, NULL, NULL),
(418, 'Maite Pelegrin', 'maitepelegrin@hotmail.es', 'cc98ad4a1eae3afd130bb89008e123854977ab92', NULL, 0, NULL, NULL),
(419, 'Bianca*', NULL, 'da39a3ee5e6b4b0d3255bfef95601890afd80709', NULL, 0, NULL, NULL),
(420, 'Maria Alfonso', NULL, 'da39a3ee5e6b4b0d3255bfef95601890afd80709', '695463754', 0, NULL, NULL),
(421, 'Carlos Puig', NULL, 'da39a3ee5e6b4b0d3255bfef95601890afd80709', NULL, 0, NULL, NULL),
(422, 'Elisabeth Benages', NULL, 'da39a3ee5e6b4b0d3255bfef95601890afd80709', NULL, 0, NULL, 0),
(423, 'Rosa Saura', NULL, 'da39a3ee5e6b4b0d3255bfef95601890afd80709', '650316785', 0, NULL, NULL),
(424, 'M.Teresa Paez', NULL, NULL, '649625716', 0, NULL, 0),
(425, 'Ter Ballester', NULL, 'da39a3ee5e6b4b0d3255bfef95601890afd80709', NULL, 0, NULL, NULL),
(426, 'Ana Zapater', NULL, 'da39a3ee5e6b4b0d3255bfef95601890afd80709', '655084851', 0, NULL, NULL),
(427, 'Cristina Jimenez', NULL, 'da39a3ee5e6b4b0d3255bfef95601890afd80709', NULL, 0, NULL, NULL),
(428, 'lara hernandez', 'lara_vallera@hotmail.com', '9c7e04312652b181edc48865a45ade26e3af9b38', '636109903', 0, NULL, NULL),
(431, 'Marina Vilar', NULL, 'da39a3ee5e6b4b0d3255bfef95601890afd80709', NULL, 0, NULL, NULL),
(432, 'Beatriz Garcia', NULL, 'da39a3ee5e6b4b0d3255bfef95601890afd80709', NULL, 0, NULL, NULL),
(433, 'Yaima Villegas', NULL, 'da39a3ee5e6b4b0d3255bfef95601890afd80709', '625952766', 0, NULL, NULL),
(434, 'Lidon Caballer', NULL, 'da39a3ee5e6b4b0d3255bfef95601890afd80709', NULL, 0, NULL, NULL),
(435, 'Silvia Renau', NULL, 'da39a3ee5e6b4b0d3255bfef95601890afd80709', NULL, 0, NULL, NULL),
(436, 'Maite Tomas', NULL, 'da39a3ee5e6b4b0d3255bfef95601890afd80709', NULL, 0, NULL, NULL),
(437, 'amalia Gonzalez', 'gusyama2014@gmail.com', NULL, '622773159', 0, NULL, 1),
(438, 'Anabela', NULL, 'da39a3ee5e6b4b0d3255bfef95601890afd80709', NULL, 0, NULL, NULL),
(439, 'Monica Valero', NULL, 'da39a3ee5e6b4b0d3255bfef95601890afd80709', NULL, 0, NULL, NULL),
(440, 'Alvaro Lejardi', NULL, 'da39a3ee5e6b4b0d3255bfef95601890afd80709', NULL, 0, NULL, NULL),
(441, 'Marta Lleo', NULL, 'da39a3ee5e6b4b0d3255bfef95601890afd80709', NULL, 0, NULL, NULL),
(443, 'Nuria Claros', 'nuriaclaros@gmail.com', '0f56e51b6252164575e2917830a63349fa9fd28c', '655766811', 0, NULL, 0),
(444, 'Laura Traver', NULL, 'da39a3ee5e6b4b0d3255bfef95601890afd80709', NULL, 0, NULL, NULL),
(445, 'Paula Casado', NULL, 'da39a3ee5e6b4b0d3255bfef95601890afd80709', NULL, 0, NULL, NULL),
(446, 'Maite Sagüillo', NULL, 'da39a3ee5e6b4b0d3255bfef95601890afd80709', NULL, 0, NULL, NULL),
(447, 'Ivan Moreno', NULL, 'da39a3ee5e6b4b0d3255bfef95601890afd80709', NULL, 0, NULL, NULL),
(448, 'Manuel Llobregat', NULL, 'da39a3ee5e6b4b0d3255bfef95601890afd80709', NULL, 0, NULL, NULL),
(449, 'Monica Malaespina', NULL, 'da39a3ee5e6b4b0d3255bfef95601890afd80709', NULL, 0, NULL, NULL),
(450, 'Laura Moreno', NULL, 'da39a3ee5e6b4b0d3255bfef95601890afd80709', NULL, 0, NULL, NULL),
(451, 'Cristina Sanch', NULL, 'da39a3ee5e6b4b0d3255bfef95601890afd80709', NULL, 0, NULL, NULL),
(452, 'M.Jesus Segura', NULL, 'da39a3ee5e6b4b0d3255bfef95601890afd80709', NULL, 0, NULL, NULL),
(453, 'Jose', NULL, 'da39a3ee5e6b4b0d3255bfef95601890afd80709', NULL, 0, NULL, NULL),
(454, 'Andres Juarez', NULL, 'da39a3ee5e6b4b0d3255bfef95601890afd80709', NULL, 0, NULL, NULL),
(455, 'Gloria Lizandra', NULL, 'da39a3ee5e6b4b0d3255bfef95601890afd80709', NULL, 0, NULL, NULL),
(456, 'Jorge*', NULL, NULL, '667588565', 0, NULL, 0),
(457, 'Pablo', NULL, 'da39a3ee5e6b4b0d3255bfef95601890afd80709', NULL, 0, NULL, NULL),
(458, 'Luela', NULL, 'da39a3ee5e6b4b0d3255bfef95601890afd80709', NULL, 0, NULL, NULL),
(459, 'Conchin Abril', NULL, NULL, '627429306', 0, NULL, 0),
(460, 'Elisabeth Flores', NULL, 'da39a3ee5e6b4b0d3255bfef95601890afd80709', '666358479', 0, NULL, NULL),
(461, 'Raquel Oliveros', NULL, 'da39a3ee5e6b4b0d3255bfef95601890afd80709', '653612642', 0, NULL, NULL),
(462, 'Ana.', NULL, 'da39a3ee5e6b4b0d3255bfef95601890afd80709', '645225424', 0, NULL, NULL),
(463, 'Maria Sales Bort', NULL, 'da39a3ee5e6b4b0d3255bfef95601890afd80709', '647202947', 0, NULL, NULL),
(464, 'Diana Molina Grau', 'diana_cs_88@hotmail.com', '1c6775b0ee137bec9fe40db3d30d683e6a0793c2', '635142641', 0, NULL, NULL),
(465, 'Beatriz**', NULL, 'da39a3ee5e6b4b0d3255bfef95601890afd80709', '609540368', 0, NULL, NULL),
(466, 'Teresa Salvador', NULL, 'da39a3ee5e6b4b0d3255bfef95601890afd80709', NULL, 0, NULL, NULL),
(467, 'Sara De Llago', NULL, 'da39a3ee5e6b4b0d3255bfef95601890afd80709', '605777793', 0, NULL, NULL),
(468, 'Monica Prado', NULL, 'da39a3ee5e6b4b0d3255bfef95601890afd80709', '649803417', 0, NULL, NULL),
(469, 'Javier Tena', NULL, 'da39a3ee5e6b4b0d3255bfef95601890afd80709', '616942040', 0, NULL, NULL),
(470, 'Maria Delsa', NULL, 'da39a3ee5e6b4b0d3255bfef95601890afd80709', '600317369', 0, NULL, NULL),
(471, 'Maria Pitarch Garcia', 'merichein_7@hotmail.com', 'bf490ddcb3cb2e6ec2341db4d274274aaebcf0bb', '639362349', 0, NULL, NULL),
(472, 'Marisa', NULL, 'da39a3ee5e6b4b0d3255bfef95601890afd80709', NULL, 0, NULL, NULL),
(473, 'Marga', NULL, 'da39a3ee5e6b4b0d3255bfef95601890afd80709', '620358893', 0, NULL, 0),
(474, 'Conchin Pastor', NULL, 'da39a3ee5e6b4b0d3255bfef95601890afd80709', NULL, 0, NULL, NULL),
(475, 'Laia Sedo', NULL, 'da39a3ee5e6b4b0d3255bfef95601890afd80709', '659197705', 0, NULL, NULL),
(476, 'Nadera', NULL, 'da39a3ee5e6b4b0d3255bfef95601890afd80709', '642524383', 0, NULL, NULL),
(477, 'Alicia Borroneo', NULL, 'da39a3ee5e6b4b0d3255bfef95601890afd80709', '964771263', 0, NULL, NULL),
(478, 'Monica Bravo', NULL, 'da39a3ee5e6b4b0d3255bfef95601890afd80709', '649803417', 0, NULL, NULL),
(479, 'Victor Alonso', NULL, 'da39a3ee5e6b4b0d3255bfef95601890afd80709', '636285835', 0, NULL, NULL),
(480, 'Sara Peris', NULL, 'da39a3ee5e6b4b0d3255bfef95601890afd80709', NULL, 0, NULL, NULL),
(481, 'Carla Gimeno', NULL, 'da39a3ee5e6b4b0d3255bfef95601890afd80709', '617345183', 0, NULL, NULL),
(482, 'Elena Moya', NULL, 'da39a3ee5e6b4b0d3255bfef95601890afd80709', NULL, 0, NULL, NULL),
(483, 'Maria Lidón Caballer Somoza', 'lidon@caballerconsulting.com', '9f5cfde2322c567513828b1180b9b510c040a774', '639392863', 0, NULL, NULL),
(484, 'Juan Antonio Forner', NULL, 'da39a3ee5e6b4b0d3255bfef95601890afd80709', NULL, 0, NULL, NULL),
(485, 'Luisa Escorihuela', NULL, 'da39a3ee5e6b4b0d3255bfef95601890afd80709', '665979669', 0, NULL, NULL),
(486, 'MARTA LLEO ESPINOSA', 'marta@novagestio.info', '7935fea07ab2d9aea9715c857070ff6f7e907f81', '639655008', 0, NULL, NULL),
(487, 'Judith Corell', NULL, 'da39a3ee5e6b4b0d3255bfef95601890afd80709', NULL, 0, NULL, NULL),
(488, 'Carla Mateos', NULL, 'da39a3ee5e6b4b0d3255bfef95601890afd80709', NULL, 0, NULL, NULL),
(489, 'Zuzana Gaspar', NULL, 'da39a3ee5e6b4b0d3255bfef95601890afd80709', NULL, 0, NULL, NULL),
(490, 'Marian Cebrian', NULL, 'da39a3ee5e6b4b0d3255bfef95601890afd80709', NULL, 0, NULL, NULL),
(491, 'cristina Belinchon Barrera', 'cristi_bel@hotmail.com', 'c294cf5e1b6c3f68ed04f07c3bd6cb0ef3fe88e3', '695662169', 0, NULL, NULL),
(492, 'Belen Sanchez', NULL, 'da39a3ee5e6b4b0d3255bfef95601890afd80709', NULL, 0, NULL, NULL),
(493, 'Conchin Bosch', NULL, 'da39a3ee5e6b4b0d3255bfef95601890afd80709', NULL, 0, NULL, NULL),
(494, 'Maribel Galiano', NULL, 'da39a3ee5e6b4b0d3255bfef95601890afd80709', NULL, 0, NULL, NULL),
(495, 'Leire Irez', NULL, 'da39a3ee5e6b4b0d3255bfef95601890afd80709', '653700809', 0, NULL, NULL),
(496, 'GEANINA SAV', 'geany131790@gmail.com', '5e801b2865b027a53e694ff8186ce0455788eceb', '664478587', 0, NULL, NULL),
(497, 'Carla', NULL, 'da39a3ee5e6b4b0d3255bfef95601890afd80709', '647807754', 0, NULL, NULL),
(498, 'Claudia Gil', NULL, NULL, NULL, 0, NULL, 0),
(499, 'Elena Monfort', NULL, 'da39a3ee5e6b4b0d3255bfef95601890afd80709', NULL, 0, NULL, NULL),
(500, 'Coral Lorenzo', NULL, 'da39a3ee5e6b4b0d3255bfef95601890afd80709', '659064456', 0, NULL, 0),
(501, 'Claudia Batalla', NULL, 'da39a3ee5e6b4b0d3255bfef95601890afd80709', NULL, 0, NULL, NULL),
(502, 'Sofia', NULL, 'da39a3ee5e6b4b0d3255bfef95601890afd80709', NULL, 0, NULL, NULL),
(503, 'Soraya', NULL, 'da39a3ee5e6b4b0d3255bfef95601890afd80709', '601223817', 0, NULL, NULL),
(504, 'Judith Valencia', NULL, 'da39a3ee5e6b4b0d3255bfef95601890afd80709', '636660541', 0, NULL, NULL),
(505, 'Karla', NULL, 'da39a3ee5e6b4b0d3255bfef95601890afd80709', '620181047', 0, NULL, NULL),
(506, 'Iratxe', NULL, 'da39a3ee5e6b4b0d3255bfef95601890afd80709', NULL, 0, NULL, NULL),
(507, 'Eva Frank', NULL, 'da39a3ee5e6b4b0d3255bfef95601890afd80709', '628750314', 0, NULL, NULL),
(508, 'Trini Teruel', NULL, 'da39a3ee5e6b4b0d3255bfef95601890afd80709', NULL, 0, NULL, NULL),
(509, 'vicenta', NULL, 'da39a3ee5e6b4b0d3255bfef95601890afd80709', NULL, 0, NULL, NULL),
(510, 'Natalia Castillo', NULL, 'da39a3ee5e6b4b0d3255bfef95601890afd80709', NULL, 0, NULL, NULL),
(511, 'Sofia Albert', NULL, 'da39a3ee5e6b4b0d3255bfef95601890afd80709', NULL, 0, NULL, NULL),
(512, 'Lucía Clemente Gargallo', 'luciaclemente@outlook.com', '483902f217d9d5acc5ae8aae17c74b73ad93bea0', '689622058', 0, NULL, NULL),
(513, 'Cristina Gimeno', NULL, 'da39a3ee5e6b4b0d3255bfef95601890afd80709', NULL, 0, NULL, NULL),
(514, 'Monica Briones', NULL, 'da39a3ee5e6b4b0d3255bfef95601890afd80709', '639254898', 0, NULL, NULL),
(515, 'Beatriz Jimenez Gimeno', 'beatrizjimenezgimeno@gmail.com', '11620dc0ff182a0f6f9c4d2d5aa7c1a53a9e7f15', '647019925', 0, NULL, NULL),
(516, 'Carmina Safont', NULL, 'da39a3ee5e6b4b0d3255bfef95601890afd80709', NULL, 0, NULL, NULL),
(517, 'Alma', NULL, 'da39a3ee5e6b4b0d3255bfef95601890afd80709', NULL, 0, NULL, NULL),
(518, 'Esperanza Ferrando', NULL, 'da39a3ee5e6b4b0d3255bfef95601890afd80709', '622820042', 0, NULL, NULL),
(519, 'M.Teresa Gonzalez', NULL, 'da39a3ee5e6b4b0d3255bfef95601890afd80709', NULL, 0, NULL, NULL),
(520, 'Julia Huguet', NULL, 'da39a3ee5e6b4b0d3255bfef95601890afd80709', NULL, 0, NULL, NULL),
(521, 'Lidon Salvador', NULL, 'da39a3ee5e6b4b0d3255bfef95601890afd80709', NULL, 0, NULL, NULL),
(522, 'Vicenta Valles', NULL, 'da39a3ee5e6b4b0d3255bfef95601890afd80709', NULL, 0, NULL, NULL),
(523, 'Blanca Vilar', NULL, 'da39a3ee5e6b4b0d3255bfef95601890afd80709', NULL, 0, NULL, NULL),
(524, 'Patricia Fajardo', NULL, 'da39a3ee5e6b4b0d3255bfef95601890afd80709', NULL, 0, NULL, NULL),
(525, 'M.Pilar Martinez', NULL, 'da39a3ee5e6b4b0d3255bfef95601890afd80709', NULL, 0, NULL, NULL),
(526, 'Gemma Tasias', NULL, 'da39a3ee5e6b4b0d3255bfef95601890afd80709', '663768194', 0, NULL, 0),
(527, 'Maite Salazar', NULL, 'da39a3ee5e6b4b0d3255bfef95601890afd80709', NULL, 0, NULL, NULL),
(528, 'Iraida', NULL, 'da39a3ee5e6b4b0d3255bfef95601890afd80709', NULL, 0, NULL, NULL),
(529, 'Lledó Vidal', NULL, 'da39a3ee5e6b4b0d3255bfef95601890afd80709', NULL, 0, NULL, NULL),
(530, 'Rosa M. Rozas', NULL, NULL, '635600521', 0, NULL, 0),
(531, 'Laura Mateu', NULL, NULL, '678681845', 0, NULL, 0),
(532, 'Marien', NULL, 'da39a3ee5e6b4b0d3255bfef95601890afd80709', '637719602', 0, NULL, NULL),
(534, 'M.Lidón Muñoz', NULL, 'da39a3ee5e6b4b0d3255bfef95601890afd80709', '637029471', 0, NULL, NULL),
(535, 'Juan Antonio', NULL, 'da39a3ee5e6b4b0d3255bfef95601890afd80709', NULL, 0, NULL, NULL),
(536, 'Dolores Alos', NULL, 'da39a3ee5e6b4b0d3255bfef95601890afd80709', NULL, 0, NULL, NULL),
(537, 'Maria Marco', NULL, 'da39a3ee5e6b4b0d3255bfef95601890afd80709', NULL, 0, NULL, NULL),
(538, 'maripipi', NULL, 'da39a3ee5e6b4b0d3255bfef95601890afd80709', NULL, 0, NULL, NULL),
(539, 'Emi Llopis', NULL, 'da39a3ee5e6b4b0d3255bfef95601890afd80709', '964032437', 0, NULL, NULL),
(545, 'M.Jose Viciano', NULL, 'da39a3ee5e6b4b0d3255bfef95601890afd80709', '687790092', 0, NULL, NULL),
(546, 'Ines Tirig', NULL, 'da39a3ee5e6b4b0d3255bfef95601890afd80709', '646858641', 0, NULL, NULL),
(547, 'Marisa Ubeda', NULL, 'da39a3ee5e6b4b0d3255bfef95601890afd80709', '696372199', 0, NULL, 0),
(548, 'Enma.', NULL, 'da39a3ee5e6b4b0d3255bfef95601890afd80709', '625731580', 0, NULL, NULL),
(550, 'M.José Echevarria', NULL, NULL, '675893512', 0, NULL, 0),
(551, 'Fina Vilar', NULL, NULL, '964203914', 0, NULL, 0),
(552, 'Andrea Naranjo', NULL, 'da39a3ee5e6b4b0d3255bfef95601890afd80709', '654613026', 0, NULL, NULL),
(553, 'M.Luisa Verchili', NULL, 'da39a3ee5e6b4b0d3255bfef95601890afd80709', NULL, 0, NULL, NULL),
(554, 'Sara Rodriguez', NULL, 'da39a3ee5e6b4b0d3255bfef95601890afd80709', '653519976', 0, NULL, NULL),
(555, 'marian', NULL, 'da39a3ee5e6b4b0d3255bfef95601890afd80709', NULL, 0, NULL, NULL),
(556, 'Cristina Plaza', NULL, NULL, '667838131', 0, NULL, 0),
(557, 'Elena Gumbau Simarro', NULL, 'da39a3ee5e6b4b0d3255bfef95601890afd80709', NULL, 0, NULL, NULL),
(561, 'Lourdes', NULL, 'da39a3ee5e6b4b0d3255bfef95601890afd80709', NULL, 0, NULL, NULL),
(562, 'Alicia Ortigosa', NULL, 'da39a3ee5e6b4b0d3255bfef95601890afd80709', '695994539', 0, NULL, NULL),
(563, 'Estel Ortells', NULL, 'da39a3ee5e6b4b0d3255bfef95601890afd80709', NULL, 0, NULL, NULL),
(564, 'Andrea garcia', NULL, 'da39a3ee5e6b4b0d3255bfef95601890afd80709', NULL, 0, NULL, NULL),
(565, 'Rosario Ripoll', NULL, 'da39a3ee5e6b4b0d3255bfef95601890afd80709', '677853722', 0, NULL, NULL),
(566, 'Hector Moreno', NULL, 'da39a3ee5e6b4b0d3255bfef95601890afd80709', NULL, 0, NULL, 0),
(567, 'Lucia Clemente', NULL, 'da39a3ee5e6b4b0d3255bfef95601890afd80709', NULL, 0, NULL, NULL),
(568, 'Gaiata 15', NULL, 'da39a3ee5e6b4b0d3255bfef95601890afd80709', NULL, 0, NULL, NULL),
(569, 'Andrea', NULL, 'da39a3ee5e6b4b0d3255bfef95601890afd80709', NULL, 0, NULL, NULL),
(570, 'Gemma Tasias trullas', 'gemma.tasias@gmail.com', '083cd0e1e92734eedc5c3ced27862179faae44b8', '663768194', 0, NULL, NULL),
(571, 'Lidia Vicent', NULL, 'da39a3ee5e6b4b0d3255bfef95601890afd80709', NULL, 0, NULL, NULL),
(573, 'Elena Stoica', NULL, 'da39a3ee5e6b4b0d3255bfef95601890afd80709', NULL, 0, NULL, NULL),
(574, 'Rocio Moral', NULL, 'da39a3ee5e6b4b0d3255bfef95601890afd80709', '630448142', 0, NULL, NULL),
(575, 'Lorena Arenas', NULL, 'da39a3ee5e6b4b0d3255bfef95601890afd80709', NULL, 0, NULL, NULL),
(576, 'Rosana Castell', NULL, 'da39a3ee5e6b4b0d3255bfef95601890afd80709', '699858079', 0, NULL, NULL),
(577, 'Patricia Ramos Miravet', 'pramosmiravet@gmail.com', '04e6f3bca0d940b47b477d89cc9d3e92d03f22dd', '680345302', 0, NULL, NULL),
(578, 'marta belles obrero', 'martabellesobrero@gmail.com', '2f5cf64b5f6d7a5d31e393502d599195a5d5f8ea', '669513316', 0, NULL, NULL),
(579, 'Mari paz García Alegre', 'm_peacegarcia@hotmail.com', 'da39a3ee5e6b4b0d3255bfef95601890afd80709', '651478180', 0, NULL, NULL),
(580, 'Carla Gimeno Felis', 'carrrrlita198525@gmail.com', '22ae307770ffc4f7fb69cc2886c66952f66764bc', '617345183', 0, NULL, NULL),
(581, 'Carmen Blesa', NULL, 'da39a3ee5e6b4b0d3255bfef95601890afd80709', '634756579', 0, NULL, NULL),
(582, 'Yolanda Bautista', NULL, 'da39a3ee5e6b4b0d3255bfef95601890afd80709', '66030030', 0, NULL, 0),
(583, 'Ana Zapater Alemany', 'ana.zapater@gmail.com', '1cd7a2fc0d41d40743cbeef0ca93e1676d19592c', '655084851', 0, NULL, NULL),
(584, 'Pilar Martinez', NULL, 'da39a3ee5e6b4b0d3255bfef95601890afd80709', NULL, 0, NULL, NULL),
(585, 'Nieves Santamaría', 'mariacmmi@hotmail.com', 'b2e6a424605ab573d6a71071f3c683cf6595b423', '630046550', 0, NULL, NULL),
(587, 'Maria Sastriques', NULL, 'da39a3ee5e6b4b0d3255bfef95601890afd80709', NULL, 0, NULL, NULL),
(591, 'Inma', NULL, 'da39a3ee5e6b4b0d3255bfef95601890afd80709', NULL, 0, NULL, NULL),
(592, 'Pili Palomares', NULL, 'da39a3ee5e6b4b0d3255bfef95601890afd80709', '653123660', 0, NULL, NULL),
(593, 'Sonia Folch', NULL, 'da39a3ee5e6b4b0d3255bfef95601890afd80709', '619893367', 0, NULL, NULL),
(594, 'Irene*', NULL, 'da39a3ee5e6b4b0d3255bfef95601890afd80709', NULL, 0, NULL, NULL),
(595, 'MAYTE RAMOS MARCO', 'MAYTE@DISTRIPLUS.ES', 'ec188cae01b533be5c4b39298c702d1e3d0d7317', '616095658', 0, NULL, NULL),
(596, 'Teresa Tomas', NULL, 'da39a3ee5e6b4b0d3255bfef95601890afd80709', NULL, 0, NULL, NULL),
(597, 'NURIA ALDAMA BARBERA', 'nuriaaldama@gmail.com', 'e9469a9213e8fc565b3ef92d51b54557856996e4', '639776460', 0, NULL, 0),
(598, 'Gema Rubio', NULL, 'da39a3ee5e6b4b0d3255bfef95601890afd80709', NULL, 0, NULL, NULL),
(599, 'Juan Flors', NULL, 'da39a3ee5e6b4b0d3255bfef95601890afd80709', NULL, 0, NULL, NULL),
(600, 'MARTA SANCHO', 'vilalta_ms_@hotmail.com', 'ca40803adf94e69d18b5968b8ad3e5fc20fcfa13', '616248266', 0, NULL, NULL),
(601, 'Nina', NULL, 'da39a3ee5e6b4b0d3255bfef95601890afd80709', NULL, 0, NULL, NULL),
(602, 'Marta Vicent', NULL, 'da39a3ee5e6b4b0d3255bfef95601890afd80709', NULL, 0, NULL, NULL),
(603, 'Elena Pitarch', NULL, 'da39a3ee5e6b4b0d3255bfef95601890afd80709', '690742450', 0, NULL, NULL),
(604, 'Elena Solanes', NULL, 'da39a3ee5e6b4b0d3255bfef95601890afd80709', NULL, 0, NULL, NULL),
(605, 'Guillermo Albert', NULL, 'da39a3ee5e6b4b0d3255bfef95601890afd80709', NULL, 0, NULL, NULL),
(606, 'Susana Beltran*', NULL, NULL, '627711436', 0, NULL, 0),
(607, 'Pamela Saez', NULL, 'da39a3ee5e6b4b0d3255bfef95601890afd80709', NULL, 0, NULL, NULL),
(608, 'Hugo Bernat', NULL, 'da39a3ee5e6b4b0d3255bfef95601890afd80709', NULL, 0, NULL, NULL),
(609, 'Marian Mut', NULL, 'da39a3ee5e6b4b0d3255bfef95601890afd80709', NULL, 0, NULL, 0),
(610, 'M.Teresa Mas', NULL, 'da39a3ee5e6b4b0d3255bfef95601890afd80709', NULL, 0, NULL, 0),
(611, 'Cherley', NULL, 'da39a3ee5e6b4b0d3255bfef95601890afd80709', '633084131', 0, NULL, 0),
(612, 'Teresa.', NULL, 'da39a3ee5e6b4b0d3255bfef95601890afd80709', NULL, 0, NULL, NULL),
(613, 'Maite Roca', NULL, 'da39a3ee5e6b4b0d3255bfef95601890afd80709', NULL, 0, NULL, NULL),
(614, 'Coral Lorenzo Martí', 'corallorenzomarti@hotmail.com', '13f4c1b72b30f50ba7f1c02389d0406c667a0d18', '659064456', 0, NULL, NULL),
(615, 'Charo Lozano', NULL, 'da39a3ee5e6b4b0d3255bfef95601890afd80709', '964243968', 0, NULL, NULL),
(617, 'Lucy', NULL, 'da39a3ee5e6b4b0d3255bfef95601890afd80709', NULL, 0, NULL, NULL),
(618, 'Paula Fernandez', NULL, 'da39a3ee5e6b4b0d3255bfef95601890afd80709', NULL, 0, NULL, NULL),
(619, 'Linda*', NULL, 'da39a3ee5e6b4b0d3255bfef95601890afd80709', NULL, 0, NULL, NULL),
(620, 'YOLANDA QUIRALTE GOMEZ', 'xolaqui@msn.com', NULL, '629501699', 0, NULL, 0),
(621, 'Arantxa', NULL, 'da39a3ee5e6b4b0d3255bfef95601890afd80709', NULL, 0, NULL, NULL),
(622, 'Dori Marza', NULL, 'da39a3ee5e6b4b0d3255bfef95601890afd80709', NULL, 0, NULL, NULL),
(623, 'Diana Garcia', NULL, 'da39a3ee5e6b4b0d3255bfef95601890afd80709', NULL, 0, NULL, NULL),
(624, 'Laura Onac', NULL, 'da39a3ee5e6b4b0d3255bfef95601890afd80709', NULL, 0, NULL, NULL),
(626, 'Carla Mateos Eixau', 'carlamateos@hotmail.com', 'fd2c23d4dd025b255ab9c47aaf083c3cdbbd8e2a', '649554538', 0, NULL, NULL),
(627, 'Lorena Aguayo', NULL, 'da39a3ee5e6b4b0d3255bfef95601890afd80709', '666345845', 0, NULL, 0),
(628, 'Cristina Pastor Marin', 'melopido2003@gmail.com', '4cf8cf84c2c5245130abcb4359dc63439369eb97', '620985932', 0, NULL, NULL),
(629, 'Victor Zeyani', NULL, 'da39a3ee5e6b4b0d3255bfef95601890afd80709', NULL, 0, NULL, NULL),
(630, 'Inma Troya gerena', 'inmatroge@gmail.com', '64d1c37c07d40a06191a3376d36f0c9f9fdc45a6', '647271058', 0, NULL, NULL),
(632, 'Belen', NULL, 'da39a3ee5e6b4b0d3255bfef95601890afd80709', NULL, 0, NULL, NULL),
(633, 'Jacobo Sales', NULL, 'da39a3ee5e6b4b0d3255bfef95601890afd80709', NULL, 0, NULL, NULL),
(634, 'Leticia Falomir', NULL, 'da39a3ee5e6b4b0d3255bfef95601890afd80709', NULL, 0, NULL, NULL),
(635, 'Sandra Nebot', NULL, 'da39a3ee5e6b4b0d3255bfef95601890afd80709', NULL, 0, NULL, NULL),
(636, 'Sabina Catalan', NULL, 'da39a3ee5e6b4b0d3255bfef95601890afd80709', '685838434', 0, NULL, 0),
(637, 'Laura Torres', NULL, 'da39a3ee5e6b4b0d3255bfef95601890afd80709', NULL, 0, NULL, NULL);

INSERT INTO `usuarios` (`id`, `nombre`, `email`, `pass`, `tel`, `admin`, `obs`, `idioma`) VALUES
(638, 'Sara Lopez Moles', 'sara_loves_trasto@hotmail.com', 'b56f78e10e5435200148c3541dab65601d578300', '617718862', 0, NULL, NULL),
(644, 'Elena Quintana gallego', 'lna.igual@gmail.com', '601d90839c5f7e2422084eb2a7ed1ac62cfdfea8', '654624184', 0, NULL, NULL),
(645, 'M.Elvira Balaguer', NULL, NULL, '630430340', 0, NULL, NULL),
(646, 'Maria Gutierrez', NULL, NULL, NULL, 0, NULL, NULL),
(647, 'Rosa Corcuera', NULL, NULL, '646120703', 0, NULL, 0),
(648, 'Marta Folch', NULL, NULL, NULL, 0, NULL, NULL),
(649, 'Estrella Nadador', NULL, NULL, NULL, 0, NULL, NULL),
(650, 'Lucia Simón Sancho', NULL, NULL, '661847788', 0, NULL, NULL),
(652, 'Elena Fontfria', NULL, NULL, '722232339', 0, NULL, NULL),
(653, 'Ana Ibañez', NULL, 'da39a3ee5e6b4b0d3255bfef95601890afd80709', '636242971', 0, NULL, 0),
(654, 'Elena Vilar', NULL, NULL, '666749347', 0, NULL, NULL),
(655, 'Mariana Muñoz+', NULL, NULL, '685106422', 0, NULL, NULL),
(656, 'Maria Teresa Paes*', NULL, 'da39a3ee5e6b4b0d3255bfef95601890afd80709', NULL, 0, NULL, 0),
(657, 'Cristian*', NULL, NULL, NULL, 0, NULL, NULL),
(658, 'Marieta Alvarez', NULL, NULL, '607805048', 0, NULL, NULL),
(661, 'Alicia Vicent', NULL, NULL, '669473915', 0, NULL, NULL),
(662, 'Isabel Martin', NULL, NULL, NULL, 0, NULL, NULL),
(663, 'Jose Maria Rivera', NULL, NULL, NULL, 0, NULL, NULL),
(664, 'Monica Rubio', NULL, NULL, '619808320', 0, NULL, 0),
(665, 'Patricia Trasancos', NULL, NULL, NULL, 0, NULL, NULL),
(666, 'Luscinda Perez', NULL, NULL, NULL, 0, NULL, NULL),
(667, 'Nuria Gutierrez', NULL, NULL, '616036049', 0, NULL, NULL),
(668, 'Rosario Escrig', NULL, NULL, '687790105', 0, NULL, NULL),
(669, 'Marta Gomez', NULL, NULL, NULL, 0, NULL, NULL),
(671, 'Vanessa Pascual', 'vanenes@hotmail.com', NULL, NULL, 0, NULL, NULL),
(672, 'Victoria Zargaria*', NULL, NULL, NULL, 0, NULL, NULL),
(673, 'Isabel Cortes', NULL, NULL, '648054313', 0, NULL, NULL),
(674, 'Paula Calvo', NULL, NULL, '601356658', 0, NULL, NULL),
(675, 'Sandra Mendoza', NULL, NULL, '669301207', 0, NULL, NULL),
(676, 'Andrea Alejandra', NULL, NULL, '607353306', 0, NULL, 0),
(677, 'Neus Durá', NULL, NULL, NULL, 0, NULL, NULL),
(678, 'Daniel Retamosa Mestre', 'mislata3@hotmail.com', NULL, NULL, 0, NULL, NULL),
(679, 'Eva Vivo', NULL, NULL, NULL, 0, NULL, NULL),
(680, 'Sofia Marti*', NULL, NULL, NULL, 0, NULL, NULL),
(681, 'Astrid Opere', NULL, NULL, NULL, 0, NULL, NULL),
(682, 'Cara Gimeno', NULL, NULL, NULL, 0, NULL, NULL),
(683, 'NESTOR', 'nestorpons@hotmail.es', 'b6902f76c449b2c8a68ebce414edfa7c741dc71b', '660291797', 0, 'el mejor', 0),
(684, 'M.Jesús herrero', NULL, NULL, '661921091', 0, NULL, NULL),
(685, 'Menchu Velázquez Escutia', 'menvelesc@hotmail.com', NULL, NULL, 0, NULL, NULL),
(686, 'Carla Martinez Querol', NULL, NULL, '647807754', 0, NULL, NULL),
(687, 'Jorge Rodriguez*', NULL, NULL, NULL, 0, NULL, NULL),
(688, 'Marina Pujol', NULL, NULL, NULL, 0, NULL, NULL),
(689, 'Sofia Belinchon', NULL, NULL, NULL, 0, NULL, NULL),
(690, 'Raquel Ten', NULL, NULL, '669195600', 0, NULL, NULL),
(691, 'Patricia Ramos*n', NULL, NULL, NULL, 0, NULL, 0),
(692, 'Ana Villanueva', NULL, NULL, '615065264', 0, NULL, NULL),
(693, 'Eva Martorell', NULL, NULL, '687455469', 0, NULL, NULL),
(694, 'Paula Gumbau', NULL, NULL, '658024953', 0, NULL, NULL),
(695, 'Alejandro Melo', NULL, NULL, '659184898', 0, NULL, NULL),
(697, 'Paloma Sales', 'palomasalesruiz@hotmail.com', NULL, NULL, 0, NULL, NULL),
(698, 'marivi', NULL, NULL, '658810887', 0, NULL, NULL),
(699, 'M.Pilar Emo', NULL, NULL, NULL, 0, NULL, NULL),
(700, 'Judith Herondale', 'dicodo84@hotmail.com', NULL, NULL, 0, NULL, NULL),
(701, 'Ana Llanos', NULL, NULL, '607351852', 0, NULL, NULL),
(702, 'María Guinot', 'airam_gf@hotmail.com', '1bcf33ddfc4619c9211e71d77881f0a213bdc7e7', NULL, 0, NULL, NULL),
(703, 'Estela Ballester', NULL, NULL, '699353940', 0, NULL, 0),
(705, 'Monica Cortes Perez', NULL, NULL, '671687302', 0, NULL, 0),
(706, 'Alba Gomez', NULL, NULL, NULL, 0, NULL, NULL),
(707, 'Enric Conesa*', NULL, NULL, NULL, 0, NULL, NULL),
(708, 'Mar*', NULL, NULL, NULL, 0, NULL, NULL),
(709, 'Nuria Castillo', NULL, NULL, NULL, 0, NULL, NULL),
(710, 'isabel Peset', NULL, NULL, NULL, 0, NULL, NULL),
(711, 'Ruben Idoya Ojeda Pruñonosa', 'rubenojeda85@gmail.com', NULL, NULL, 0, NULL, NULL),
(712, 'Idoia Piñonosa', NULL, NULL, '636036251', 0, NULL, 0),
(713, 'Le Bouquet Estética', 'facebook@lebouquet.es', NULL, NULL, 0, NULL, NULL),
(716, 'Inma Vinaixa', 'inmavc22@hotmail.com', NULL, NULL, 0, NULL, NULL),
(717, 'Isabel Rivas', NULL, NULL, '634613579', 0, NULL, NULL),
(718, 'Alexandra Ivan', 'alexa_nena_rebelde@yahoo.es', NULL, NULL, 0, NULL, NULL),
(719, 'Magda Ferre', NULL, NULL, NULL, 0, NULL, NULL),
(720, 'Ana Romero*', NULL, NULL, NULL, 0, NULL, NULL),
(721, 'Irene Besala', NULL, NULL, '653455147', 0, NULL, NULL),
(722, 'M.Dolores Sanchis', NULL, NULL, '660738807', 0, NULL, 0),
(723, 'Monica Barros', NULL, NULL, NULL, 0, NULL, NULL),
(724, 'Belen Sales', NULL, NULL, NULL, 0, NULL, NULL),
(725, 'Paqui Chiva Castillo', NULL, NULL, '657126290', 0, NULL, NULL),
(726, 'Ana*', NULL, NULL, NULL, 0, NULL, NULL),
(727, 'Helena Huguet', NULL, NULL, NULL, 0, NULL, NULL),
(729, 'Marieta Nu Be', 'marieta___86@hotmail.com', NULL, NULL, 0, '10154298996070676', NULL),
(730, 'Mariluz Cortés Alfonso', 'mariluzcortes@hotmail.com', NULL, NULL, 0, NULL, NULL),
(731, 'Monica Pallares', NULL, NULL, '630458358', 0, NULL, NULL),
(732, 'Nuria Coca', NULL, NULL, NULL, 0, NULL, NULL),
(733, 'Mariana Muñoz', NULL, NULL, NULL, 0, NULL, NULL),
(734, 'Susana Wendy', NULL, NULL, '687422613', 0, NULL, NULL),
(735, 'Elena', 'eramos1808@gmail.com', '68f64f0401af7dbe4bc3a5dc99955cdaf23c3150', '639712337', 0, NULL, NULL),
(736, 'Carmen Guirado', NULL, NULL, NULL, 0, NULL, NULL),
(737, 'juana', NULL, NULL, NULL, 0, NULL, NULL),
(738, 'Rosa Maria Granell', NULL, NULL, NULL, 0, NULL, NULL),
(739, 'Ana Valderrama', NULL, NULL, '625014605', 0, NULL, NULL),
(740, 'Carmen Beltran Arnaud', NULL, NULL, NULL, 0, NULL, NULL),
(741, 'Marta Tomas', NULL, NULL, NULL, 0, NULL, NULL),
(742, 'Marta Piñero', NULL, NULL, NULL, 0, NULL, NULL),
(743, 'Jasmine', NULL, NULL, '646448789', 0, NULL, NULL),
(744, 'Laura Miro', NULL, NULL, '682537993', 0, NULL, NULL),
(745, 'Irune Rodriguez Soriano', 'rodriguezsoriano.irune@gmail.com', 'cdfb43fe1868c403ae90b93aa2d38ae5740c5483', NULL, 0, NULL, NULL),
(746, 'Carmina Niñerola', NULL, NULL, '656369371', 0, NULL, NULL),
(747, 'Irene Cortes*', NULL, NULL, '697780219', 0, NULL, 0),
(748, 'Salome*', NULL, NULL, NULL, 0, NULL, NULL),
(749, 'Sandra Valle ^^^^', NULL, NULL, '646177654', 0, NULL, 0),
(750, 'Paula Fuentes', NULL, NULL, NULL, 0, NULL, NULL),
(751, 'Marta Andreu*', NULL, NULL, '677800346', 0, NULL, 0),
(752, 'Yolanda Crespo', NULL, NULL, NULL, 0, NULL, 0),
(753, 'Jessica Barreda', NULL, NULL, NULL, 0, NULL, 0),
(754, 'Vasilica*', NULL, NULL, NULL, 0, NULL, NULL),
(755, 'clara*', NULL, NULL, NULL, 0, NULL, NULL),
(756, 'Lara Moreno', NULL, NULL, NULL, 0, NULL, NULL),
(757, 'Maria Roig', NULL, NULL, '660599927', 0, NULL, 0),
(758, 'Nuria Colom', NULL, NULL, '693428442', 0, NULL, NULL),
(759, 'Merche Marco', NULL, NULL, NULL, 0, NULL, NULL),
(760, 'Lledo Marco', NULL, NULL, NULL, 0, NULL, NULL),
(761, 'KiKo', NULL, NULL, '687097027', 0, NULL, NULL),
(762, 'Martha Castrezana', NULL, NULL, '674456235', 0, NULL, 0),
(763, 'Irene Lopez', NULL, NULL, NULL, 0, NULL, NULL),
(764, 'Alicia Garcia', NULL, NULL, NULL, 0, NULL, NULL),
(765, 'Magdalena Andreu*', NULL, NULL, NULL, 0, NULL, NULL),
(766, 'Ana Maria Jimenez*', NULL, NULL, NULL, 0, NULL, NULL),
(767, 'Jana Romero', NULL, NULL, NULL, 0, NULL, NULL),
(768, 'Damian Molina Gomez', 'dami_azu_cs@hotmail.com', NULL, NULL, 0, NULL, NULL),
(769, 'Mario orellana', NULL, NULL, '652098132', 0, NULL, NULL),
(770, 'Diego Gomez', NULL, NULL, NULL, 0, NULL, NULL),
(771, 'Maria Berbegal', NULL, NULL, NULL, 0, NULL, NULL),
(772, 'Pablo Monfort', NULL, NULL, NULL, 0, NULL, NULL),
(773, 'Eva Serrano', NULL, NULL, NULL, 0, NULL, NULL),
(774, 'Carla Batalla', NULL, NULL, '671752685', 0, NULL, NULL),
(775, 'Macarena*', NULL, NULL, NULL, 0, NULL, NULL),
(776, 'Inmaculada Gargallo', NULL, NULL, NULL, 0, NULL, NULL),
(777, 'Belen Vilar', NULL, NULL, NULL, 0, NULL, NULL),
(778, 'Mar Paradis*', NULL, NULL, '685392129', 0, NULL, NULL),
(779, 'Cristina Belles', NULL, NULL, '636799890', 0, NULL, NULL),
(780, 'Amparo Parra*', NULL, NULL, '652816859', 0, NULL, NULL),
(782, 'Marina Lazaro*', NULL, NULL, NULL, 0, NULL, NULL),
(783, 'Judith Sales', NULL, NULL, '659202199', 0, NULL, NULL),
(784, 'Pilar Catalan', NULL, NULL, NULL, 0, NULL, NULL),
(785, 'Alba Tortosa', NULL, NULL, '657335975', 0, NULL, NULL),
(786, 'Jara Izquierdo', NULL, NULL, '699517656', 0, NULL, NULL),
(787, 'Beatriz Fullera Marco', NULL, NULL, '646321003', 0, NULL, NULL),
(788, 'Marta Andreu', 'martaandreu1@yahoo.es', NULL, NULL, 0, '10209442494043317', NULL),
(789, 'Inma Beltran*', NULL, NULL, NULL, 0, NULL, NULL),
(790, 'Teresa Belmonte', NULL, NULL, '699904353', 0, NULL, NULL),
(791, 'Sara Marco', 'smarcomedina@hotmail.com', '412cf2cd57e31da4e25b93491690d25f3ce27e81', '610091932', 0, NULL, NULL),
(792, 'Marta.', NULL, NULL, NULL, 0, NULL, NULL),
(793, 'Patricia Domenech', NULL, NULL, NULL, 0, NULL, NULL),
(794, 'Eva Campos', NULL, NULL, NULL, 0, NULL, NULL),
(797, 'eva hernandez', NULL, NULL, '637550452', 0, NULL, 0),
(798, 'Silvia Chiloeches*', NULL, NULL, '608889401', 0, NULL, NULL),
(799, 'Vicenta Faces', NULL, NULL, NULL, 0, NULL, NULL),
(800, 'Andrea Maza', NULL, NULL, NULL, 0, NULL, NULL),
(801, 'Ana Belen moreno', NULL, NULL, '620500453', 0, NULL, NULL),
(802, 'Andrea An', 'adellninyerolaandrea@gmail.com', 'da39a3ee5e6b4b0d3255bfef95601890afd80709', NULL, 0, NULL, NULL),
(803, 'Sara Toran', NULL, NULL, '650002737', 0, NULL, NULL),
(804, 'M.Angeles Rosario', NULL, NULL, '646846777', 0, NULL, NULL),
(805, 'Carla Hernandez', NULL, NULL, NULL, 0, NULL, NULL),
(806, 'Julia Gonell', NULL, NULL, '602095130', 0, NULL, NULL),
(807, 'Lydia Exposito', 'lydieta_28@hotmail.com', NULL, NULL, 0, NULL, NULL),
(808, 'Anna Vidal', NULL, NULL, NULL, 0, NULL, NULL),
(809, 'Encarni Cruz Martinez', 'encarni_cruz@hotmail.com', NULL, NULL, 0, NULL, NULL),
(810, 'Sara Calderon', NULL, NULL, '675218648', 0, NULL, NULL),
(811, 'Maria Ale', NULL, NULL, '658483346', 0, NULL, NULL),
(812, 'Pura Edo', NULL, NULL, NULL, 0, NULL, NULL),
(813, 'Anna Calzolaio', NULL, NULL, NULL, 0, NULL, NULL),
(814, 'Tamara L De la Fuente', 'la_thamarita@hotmail.com', NULL, NULL, 0, NULL, NULL),
(815, 'Maria luisa Escobar', NULL, NULL, '677381360', 0, NULL, NULL),
(816, 'Claudia Merce', NULL, NULL, NULL, 0, NULL, NULL),
(818, 'Fany Gimenez', NULL, NULL, '697990045', 0, NULL, NULL),
(819, 'Amparo Seco', NULL, NULL, '606084336', 0, NULL, 0),
(820, 'Adela Bianca', NULL, NULL, '695012765', 0, NULL, NULL),
(821, 'Ruth Quintas', NULL, NULL, NULL, 0, NULL, NULL),
(822, 'Dori Torrubia', NULL, NULL, NULL, 0, NULL, NULL),
(823, 'Maria Lidon Muñoz', NULL, NULL, '637029471', 0, NULL, NULL),
(824, 'María Recatalá', 'maria_jly@hotmail.com', NULL, NULL, 0, NULL, NULL),
(825, 'Santi Pinto', NULL, NULL, '660475777', 0, NULL, NULL),
(826, 'Sandra Izquierdo', NULL, NULL, '686721916', 0, NULL, NULL),
(827, 'Beatriz Sales', NULL, NULL, NULL, 0, NULL, NULL),
(828, 'M.jose Roman', NULL, NULL, '625492703', 0, NULL, NULL),
(830, 'Mavi Barrachina', NULL, NULL, NULL, 0, NULL, NULL),
(831, 'Neles', NULL, NULL, NULL, 0, NULL, NULL),
(832, 'Esther Santos', NULL, NULL, '656696158', 0, NULL, NULL),
(835, 'Maria Dolz', NULL, NULL, NULL, 0, NULL, NULL),
(836, 'Iveth Serrano', 'ivethlinda2010@hotmail.com', NULL, NULL, 0, NULL, NULL),
(852, 'Diego', 'diego_gomez_fornes@hotmail.es', '97265864d4de7d166302649eb1f26d64d16c88d5', '632155012', 0, NULL, NULL),
(853, 'Carla Sanchez*', NULL, NULL, NULL, 0, NULL, NULL),
(854, 'Jose Navarro*', NULL, NULL, '653689900', 0, NULL, 0),
(855, 'Leticia bulillo', NULL, NULL, '0033614747037', 0, NULL, NULL),
(856, 'Natacha', 'natacha.saez@hotmail.com', '7ab6b3056aac03781b79d46541335b39979a1df7', '645021954', 0, NULL, NULL),
(857, 'Josefa Perez', 'mekines@hotmail.es', NULL, NULL, 0, '1050941464990061', NULL),
(858, 'Noelia Engra', NULL, NULL, '696213972', 0, NULL, NULL),
(859, 'Clara Rodríguez C', 'esacebra@hotmail.com', NULL, NULL, 0, '10209934483780382', NULL),
(860, 'Belen Pollatos', NULL, NULL, '654 296 641', 0, NULL, NULL),
(861, 'cecilia*', NULL, NULL, NULL, 0, NULL, NULL),
(862, 'Maria Miguel', NULL, NULL, '630539553', 0, NULL, NULL),
(863, 'Veronica Catalan', NULL, NULL, NULL, 0, NULL, NULL),
(864, 'Rosa San Jeronimo Casanova', 'rosa_sanjeronimo@hotmail.com', NULL, NULL, 0, NULL, NULL),
(865, 'Yamila Ruiz Belloso', 'yami_yamila@hotmail.com', NULL, NULL, 0, NULL, NULL),
(866, 'M.jose Vicente', NULL, NULL, NULL, 0, NULL, NULL),
(868, 'Miriam*', NULL, NULL, NULL, 0, NULL, NULL),
(869, 'Marta Clemente', 'martaclemb@gmail.com', 'da39a3ee5e6b4b0d3255bfef95601890afd80709', '717160600', 0, NULL, NULL),
(870, 'Angela Ponce Blay', 'angela_5462@hotmail.com', NULL, '622692031', 0, NULL, 0),
(871, 'Anastasiya Protsenko', NULL, NULL, '661136489', 0, NULL, NULL),
(872, 'Maria Nuñez', NULL, NULL, '669233705', 0, NULL, 0),
(873, 'Diana *', NULL, NULL, '642891934', 0, NULL, NULL),
(874, 'Fina Molina', NULL, NULL, NULL, 0, NULL, NULL),
(875, 'Marta Buitrago', NULL, NULL, NULL, 0, NULL, NULL),
(876, 'Luisa Beltran*', NULL, NULL, NULL, 0, NULL, NULL),
(877, 'Sefora Saez Martinez*', NULL, NULL, '615373915', 0, NULL, NULL),
(878, 'Asis Viciano*', NULL, NULL, NULL, 0, NULL, NULL),
(879, 'Antonia Aritz*', NULL, NULL, NULL, 0, NULL, NULL),
(880, 'Paula OG', 'paula.ochoa.garcia89@gmail.com', NULL, NULL, 0, NULL, NULL),
(881, 'Enlace Jesús Sonia', 'sonly_cs@outlook.com', NULL, NULL, 0, NULL, NULL),
(882, 'Sonia Polo', NULL, NULL, '676674913', 0, NULL, NULL),
(883, 'Rosa Nicolas', NULL, NULL, '609 96 29 09', 0, NULL, NULL),
(884, 'Paula Ochoa', NULL, NULL, '679 085 329', 0, NULL, NULL),
(885, 'Marta Renau', NULL, NULL, '690 085 198', 0, NULL, NULL),
(886, 'Isabel*', NULL, NULL, NULL, 0, NULL, NULL),
(887, 'Pilar*', NULL, NULL, NULL, 0, NULL, NULL),
(888, 'Encarna Morales', NULL, NULL, '660 769 553', 0, NULL, NULL),
(889, 'GEOGERTA', NULL, NULL, NULL, 0, NULL, NULL),
(893, 'Maria Montero', 'mmonterocuesta70@gmail.com', '632ca7d49221fb32d4df4a5510753cce2054cb97', '651318029', 0, NULL, NULL),
(894, 'Montserrat*', NULL, NULL, NULL, 0, NULL, NULL),
(895, 'Marta Lopez*', NULL, NULL, NULL, 0, NULL, NULL),
(896, 'Lidia Martinez*', NULL, NULL, NULL, 0, NULL, NULL),
(897, 'Sara Garcia*', NULL, NULL, NULL, 0, NULL, NULL),
(898, 'Irene Casado*', NULL, NULL, NULL, 0, NULL, NULL),
(899, 'Ana Alguero', NULL, NULL, NULL, 0, NULL, NULL),
(900, 'Marta Barbera*', NULL, NULL, '657809386', 0, NULL, 0),
(901, 'Silvia Matutano*', NULL, NULL, NULL, 0, NULL, NULL),
(902, 'Silvia Granchel*', NULL, NULL, NULL, 0, NULL, 0),
(903, 'cHUS gargallo', NULL, NULL, NULL, 0, NULL, NULL),
(904, 'M.Angeles Gros*', NULL, NULL, NULL, 0, NULL, NULL),
(907, 'Rocio moral gi', 'carpediem_1106@yahoo.es', '67dfeb39a49430395cd1426b8af03672fccf5390', '639635923', 0, NULL, NULL),
(908, 'Marina*', NULL, NULL, NULL, 0, NULL, NULL),
(909, 'marinela *', NULL, NULL, NULL, 0, NULL, NULL),
(911, 'Eva Victor saber*', NULL, NULL, NULL, 0, NULL, NULL),
(912, 'Silvia Valero*n', NULL, NULL, NULL, 0, NULL, 0),
(913, 'Belen Barrachina', NULL, NULL, '620549159', 0, NULL, NULL),
(914, 'M.Dolores Sos', NULL, NULL, NULL, 0, NULL, NULL),
(915, 'Belen Barrachina Degracia', 'Belen_bdg@hotmail.com', 'da39a3ee5e6b4b0d3255bfef95601890afd80709', '620549159', 0, NULL, NULL),
(916, 'Teresa Marco', NULL, NULL, '678935009', 0, NULL, NULL),
(917, 'Sandra', 'sanfornesmarques@gmail.com', 'd767ee15348288a5706aa90c2de328fd97189169', '605786706', 0, NULL, NULL),
(918, 'manuela Beltran*', NULL, NULL, '608351328', 0, NULL, NULL),
(919, 'Oscar Moliner*', NULL, NULL, NULL, 0, NULL, NULL),
(920, 'Beatriz Vidal Castro*', NULL, NULL, '657565796', 0, NULL, NULL),
(921, 'Olga Yuste*', NULL, NULL, '635079997', 0, NULL, NULL),
(923, 'Marta Noriega Torres*', NULL, NULL, '692069505', 0, NULL, 0),
(924, 'Inma Alemany*', NULL, NULL, NULL, 0, NULL, NULL),
(925, 'Isabel Martinez*', NULL, NULL, '619 602 710', 0, NULL, NULL),
(926, 'Nuria Mateo Saura', NULL, NULL, '685 884 178', 0, NULL, NULL),
(927, 'Sandra Fornes', NULL, NULL, '605 786 706', 0, NULL, NULL),
(928, 'Sandra Fornes*', NULL, NULL, '605 786 706', 0, NULL, NULL),
(929, 'Olga Yuste', 'olyusla63@gmail.com', 'da39a3ee5e6b4b0d3255bfef95601890afd80709', '635079997', 0, NULL, NULL),
(930, 'Beatriz Tipey*', NULL, NULL, NULL, 0, NULL, NULL),
(931, 'visitacion*', NULL, NULL, NULL, 0, NULL, NULL),
(932, 'Las Cositas de Taty', 'lascositasdetaty@gmail.com', NULL, NULL, 0, NULL, NULL),
(933, 'Marta Bel*', NULL, NULL, NULL, 0, NULL, NULL),
(934, 'Taty*', NULL, NULL, NULL, 0, NULL, NULL),
(935, 'Mari Gargallo*', NULL, NULL, '696874840', 0, NULL, NULL),
(936, 'Emilia Prades*', NULL, NULL, '679761571', 0, NULL, 0),
(937, 'Beatriz Ibañez*', NULL, NULL, '615926836', 0, NULL, 0),
(938, 'Bego Beblanc', 'beblanclavanderia@gmail.com', NULL, NULL, 0, NULL, NULL),
(939, 'Alisa Zagorskaya', 'amur2131@rambler.ru', NULL, NULL, 0, NULL, NULL),
(940, 'Eva HV', 'evitahs85@hotmail.com', NULL, NULL, 0, NULL, NULL),
(941, 'Teresa Pitarch', NULL, NULL, NULL, 0, NULL, NULL),
(943, 'Isabel Garcia*', NULL, NULL, '660389053', 0, NULL, NULL),
(954, 'Juan Manuel', NULL, NULL, NULL, 0, NULL, NULL),
(955, 'Ana Casanova*', NULL, NULL, '686312253', 0, NULL, NULL),
(956, 'Bianca Nicoleta*', NULL, NULL, '642814139', 0, NULL, NULL),
(957, 'Lidia Guillamon*', NULL, NULL, '691960568', 0, NULL, 0),
(958, 'Laura Montañés', 'monty__yo@hotmail.com', NULL, NULL, 0, NULL, NULL),
(959, NULL, NULL, NULL, '0', 0, NULL, NULL),
(960, 'Marián Lopez Chofre', 'lopezchofre@yahoo.es', NULL, NULL, 0, NULL, NULL),
(961, 'Lolin', NULL, NULL, NULL, 0, NULL, NULL),
(962, 'Montserrat Peralvarez*', NULL, NULL, NULL, 0, NULL, NULL),
(963, 'Teresa Ruiz', NULL, NULL, '630053568', 0, NULL, NULL),
(964, 'Ainara*', NULL, NULL, NULL, 0, NULL, NULL),
(965, 'Ainara Salvador', 'ainara_grao@hotmail.com', 'b25dca280d1f0163537c07a97927d0ff4e7ec9b6', '663122027', 0, NULL, NULL),
(967, 'Cristian', 'cristianbr_90@hotmail.com', 'f042d279f830d9fb5e951c885e596b5e71fddc4f', '661526980', 0, NULL, NULL),
(968, 'Yolanda Campos Liberos', 'yolica84@hotmail.com', NULL, NULL, 0, NULL, NULL),
(969, 'Josefa Huguet', NULL, NULL, NULL, 0, NULL, NULL),
(970, 'm.ANGELES HERNANDEZ', NULL, NULL, NULL, 0, NULL, NULL),
(971, 'Maria Meseguer*', NULL, NULL, '620799180', 0, NULL, NULL),
(972, 'Fernando Fabregat*', NULL, NULL, '673625465', 0, NULL, NULL),
(973, 'M.Jose Frances', NULL, NULL, NULL, 0, NULL, NULL),
(974, 'elena aguilar martinez', 'marti37@hotmail.com', '028400bd87957ab1ed4cbfae92d4e10138be91c8', '670352775', 0, NULL, NULL),
(975, 'Esther Querol*', NULL, NULL, NULL, 0, NULL, NULL),
(976, 'Mari Siura*', NULL, NULL, NULL, 0, NULL, NULL),
(977, 'Laura Fernandez*', NULL, NULL, NULL, 0, NULL, NULL),
(978, 'Vanessa Gargallo', 'vanessacortesvalencianas@gmail.com', 'da39a3ee5e6b4b0d3255bfef95601890afd80709', '657944000', 0, NULL, NULL),
(979, 'Pau Albert', NULL, NULL, '646727899', 0, NULL, 0),
(980, 'Eva RoFer', 'evalolita2011@gmail.com', NULL, NULL, 0, '10209014290569521', NULL),
(981, 'Raquel Tena Barreda', 'tenabarreda@gmail.com', 'f49a4ac25deca688535ce18c6a4ca0a29029ce40', '657332730', 0, NULL, NULL),
(982, 'Elia Ballester', NULL, NULL, NULL, 0, NULL, NULL),
(984, 'Angela Violeta', NULL, NULL, '626220090', 0, NULL, NULL),
(985, 'Lilith Jericó', 'gemma.arnal@gmail.com', NULL, NULL, 0, NULL, NULL),
(986, 'Gema Arnal', NULL, NULL, NULL, 0, NULL, NULL),
(987, 'FanAm Cast', 'kamchakta@msn.com', NULL, NULL, 0, NULL, NULL),
(988, 'Mensin', NULL, NULL, NULL, 0, NULL, NULL),
(989, 'cristina guijarro', NULL, NULL, NULL, 0, NULL, NULL),
(990, 'Laura Catalan', NULL, NULL, '647648485', 0, NULL, NULL),
(991, 'Beatrice Cristofori', 'beacc@hotmail.it', NULL, NULL, 0, NULL, NULL),
(992, 'maria benavent', NULL, NULL, '677801135', 0, NULL, NULL),
(993, 'Maria Gonzalez', NULL, NULL, NULL, 0, NULL, NULL),
(1003, 'Victoria Balaguer', 'vickybalaguer@hotmail.com', 'd714d8456935fa20e60bd9e661423cb2583c79d9', '620754294', 0, NULL, NULL),
(1004, 'Marina Herrainz', NULL, NULL, '630662375', 0, NULL, NULL),
(1005, 'elena*', NULL, NULL, NULL, 0, NULL, NULL),
(1006, 'Blandine', 'blandinevernaz@yahoo.fr', '77f9c567201692e780cb4951135d4f631859ffb1', '600264889', 0, NULL, NULL),
(1007, 'Amparo Domenech*', NULL, NULL, NULL, 0, NULL, NULL),
(1008, 'Patricia Fuertes*', NULL, NULL, NULL, 0, NULL, NULL),
(1009, 'Luisa Castano', NULL, NULL, '656 679 516', 0, NULL, NULL),
(1010, 'Ariadna Montes Narro', 'ariadnamnarro@gmail.com', '694e9c83cde8047b7a6053e410f48c45be227c26', '639290569', 0, NULL, NULL),
(1011, 'Marta Gonzalez Aznar', 'martagonzalezaznar95@hotmail.com', NULL, NULL, 0, NULL, NULL),
(1012, 'vicenta navarro', NULL, NULL, NULL, 0, NULL, NULL),
(1014, 'Estela Estupiña', NULL, NULL, '635043190', 0, NULL, NULL),
(1015, 'veronica oliver', NULL, NULL, '650232454', 0, NULL, NULL),
(1016, 'Amparo Lleo', NULL, NULL, '690265842', 0, NULL, NULL),
(1017, 'Marta Beltran*', NULL, NULL, NULL, 0, NULL, NULL),
(1018, 'Yolanda Isis Ruz', 'terapiasyolandapons2@gmail.com', NULL, NULL, 0, NULL, NULL),
(1019, 'Marina HF', '6mherraiz@gmail.com', NULL, NULL, 0, NULL, NULL),
(1020, 'Carmen Nedu', NULL, NULL, '642670118', 0, NULL, NULL),
(1021, 'Rosa Benavent', NULL, NULL, '647311099', 0, NULL, NULL),
(1022, 'Alba Ruiz', NULL, NULL, '685566358', 0, NULL, NULL),
(1023, 'Valeria Gianda*', NULL, NULL, NULL, 0, NULL, NULL),
(1024, 'Silvia Gisbert', NULL, NULL, NULL, 0, NULL, NULL),
(1025, 'Roberto Garcia', NULL, NULL, NULL, 0, NULL, NULL),
(1026, 'Marisa Rambla', NULL, NULL, NULL, 0, NULL, NULL),
(1027, 'Victoria Barreda*', NULL, NULL, NULL, 0, NULL, NULL),
(1028, 'Teresa Marco Andreu', 'prades _family@hotmail.com', '60ab98d4147d67d8526acfb3122c41c00ef9ae6d', '678935009', 0, NULL, NULL),
(1029, 'Mónica Soria', 'monsorcas@hotmail.com', NULL, NULL, 0, NULL, NULL),
(1030, 'Carmona Edo*', NULL, NULL, NULL, 0, NULL, NULL),
(1031, 'Patricia Marti', NULL, NULL, '672283252', 0, NULL, NULL),
(1033, 'Rosa Paris*', NULL, NULL, NULL, 0, NULL, NULL),
(1034, 'Marisa Rambla Mulet', 'marisin54@hotmail.com', 'da39a3ee5e6b4b0d3255bfef95601890afd80709', NULL, 0, NULL, NULL),
(1035, 'Laura Bausa*', NULL, NULL, NULL, 0, NULL, NULL),
(1036, 'Esther Vela*', NULL, NULL, NULL, 0, NULL, NULL),
(1037, 'Lara Guinea*', NULL, NULL, NULL, 0, NULL, NULL),
(1038, 'Iluminada Ucher', NULL, NULL, '665667350', 0, NULL, NULL),
(1039, 'Blandine Elisa Vernaz', 'fleurdesbois@rocketmail.com', 'da39a3ee5e6b4b0d3255bfef95601890afd80709', '600264889', 0, NULL, NULL),
(1040, 'Isabel Canti*', NULL, NULL, NULL, 0, NULL, NULL),
(1041, 'Alexandra', 'alexandra090810@gmail.com', '7862f114bd22d3018b9ce7696d6080c2c09fc88a', '610968503', 0, NULL, NULL),
(1042, 'Ana Bardoll*', NULL, NULL, NULL, 0, NULL, NULL),
(1043, 'Ana Belen Asensio', NULL, NULL, NULL, 0, NULL, NULL),
(1044, 'M.Carmen Belles*', NULL, NULL, NULL, 0, NULL, NULL),
(1045, 'Ana Obiol*', NULL, NULL, NULL, 0, NULL, NULL),
(1046, 'Gloria Garcia', NULL, NULL, NULL, 0, NULL, NULL),
(1047, 'Fatima Garcia', NULL, NULL, '649860483', 0, NULL, NULL),
(1048, 'Lucia Ruiz*', NULL, NULL, NULL, 0, NULL, NULL),
(1049, 'Gayane Durgaryan', NULL, NULL, '628200633', 0, NULL, NULL),
(1050, 'Omaira Gómez García', 'besosdeuva@hotmail.com', NULL, NULL, 0, '10208564146525778', NULL),
(1051, 'Maria Alcazar Rodriguez', 'mariaiq35@gmail.com', '7a7e9decaffd1ce8fcbd3d26dd2e72531c7e09dc', NULL, 0, NULL, 1),
(1052, 'Vanessa Alonso*', NULL, NULL, '682516166', 0, NULL, NULL),
(1053, 'Amparo Minguet Naranjo', 'amparo_vlc85@hotmail.com', NULL, NULL, 0, NULL, NULL),
(1054, 'Silvia Casanova*', NULL, NULL, '620325639', 0, NULL, 0),
(1055, 'Ctristina Pons*', NULL, NULL, NULL, 0, NULL, NULL),
(1056, 'Andrea Igual', NULL, NULL, NULL, 0, NULL, NULL),
(1057, 'Jessica Gual', NULL, NULL, '678532881', 0, NULL, NULL),
(1059, 'Alba Igual*', NULL, NULL, NULL, 0, NULL, 0),
(1060, 'Lorena Gomez', NULL, NULL, '696447000', 0, NULL, NULL),
(1061, 'Eva Balien*', NULL, NULL, NULL, 0, NULL, NULL),
(1062, 'Fina Ventura', NULL, NULL, NULL, 0, NULL, NULL),
(1063, 'Alejandra Guerrero*', NULL, NULL, '636353718', 0, NULL, NULL),
(1064, 'Maria Delgado', NULL, NULL, NULL, 0, NULL, NULL),
(1066, 'Alban Campion', 'campionalban@gmail.com', NULL, NULL, 0, NULL, NULL),
(1067, 'maite monferrer*', NULL, NULL, NULL, 0, NULL, NULL),
(1069, 'mar castillo', NULL, NULL, NULL, 0, NULL, NULL),
(1070, 'Yoseph AS', 'yurijo75@hotmail.com', NULL, NULL, 0, NULL, NULL),
(1071, 'Ines Delgado*', NULL, NULL, NULL, 0, NULL, NULL),
(1073, 'Elena Melia*', NULL, NULL, '682657889', 0, NULL, NULL),
(1074, 'Ari Ibara*', NULL, NULL, '0.974058912', 0, NULL, 0),
(1075, 'Ana Gonzalez*', NULL, NULL, NULL, 0, NULL, NULL),
(1076, 'Álvaro Lejardi Matute', 'lejardi@hotmail.es', '33bd38d4bafb2037dcb478c49330ccb147e14040', '656543305', 0, NULL, NULL),
(1077, 'Irene Blanco*', NULL, NULL, NULL, 0, NULL, NULL),
(1078, 'Hannah Sabater', NULL, NULL, NULL, 0, NULL, NULL),
(1079, 'Mari', 'mari_mary_alk@hotmail.com', NULL, '696874840', 0, NULL, 0),
(1080, 'CAMILLE*', NULL, NULL, NULL, 0, NULL, NULL),
(1081, 'Arazai*', NULL, NULL, NULL, 0, NULL, 0),
(1083, 'Angela Vivas', NULL, NULL, NULL, 0, NULL, NULL),
(1084, 'El Gusano Volador', 'nestorpons@gmail.com', NULL, NULL, 0, NULL, NULL),
(1086, 'Patricia marti fortea', 'pmarti34@hotmail.com', '7bd533c6c168aae7ba81a838ca36f9dc3d7bad19', '672283252', 0, NULL, NULL),
(1087, 'Amparo Franc*', NULL, NULL, '605188497', 0, NULL, NULL),
(1088, 'Daria Rotaru', NULL, NULL, '687371027', 0, NULL, 0),
(1089, 'Agueda Vidal', NULL, NULL, '651141329', 0, NULL, NULL),
(1090, 'Adela Tarrega', NULL, NULL, '628575745', 0, NULL, NULL),
(1091, 'Sheila Ibañez', NULL, NULL, '600086913', 0, NULL, NULL),
(1092, 'Juani*', NULL, NULL, NULL, 0, NULL, NULL),
(1093, 'Naima *', NULL, NULL, '699954379', 0, NULL, NULL),
(1094, 'Ruth Escuderos', NULL, NULL, '625021293', 0, NULL, NULL),
(1095, 'Ana Egea', NULL, NULL, '628703951', 0, NULL, NULL),
(1096, 'Raque Tirado', NULL, NULL, NULL, 0, NULL, NULL),
(1097, 'Cristina Muñoz', 'tina90_cmv@hotmail.com', NULL, NULL, 0, NULL, NULL),
(1098, 'Marisol Ojeda', NULL, NULL, '664014320', 0, NULL, NULL),
(1099, 'rocio monzonis*', NULL, NULL, '665013211', 0, NULL, NULL),
(1100, 'Conchin Granel', NULL, NULL, NULL, 0, NULL, NULL),
(1101, 'Miriam Olivares', NULL, NULL, '661669137', 0, NULL, 0),
(1103, 'Dolores Mas', NULL, NULL, NULL, 0, NULL, NULL),
(1104, 'raquel  Gimeno*', NULL, NULL, '661946210', 0, NULL, NULL),
(1105, 'Veronica Palomino*', NULL, NULL, NULL, 0, NULL, NULL),
(1106, 'Priscila Rodiguez*', NULL, NULL, '605479682', 0, NULL, NULL),
(1107, 'Miriam Granell', NULL, NULL, '690333347', 0, NULL, 0),
(1108, 'Cristina Asensio', NULL, NULL, NULL, 0, NULL, NULL),
(1109, 'Misi Roig', NULL, NULL, NULL, 0, NULL, NULL),
(1111, 'JOSE*', NULL, NULL, NULL, 0, NULL, NULL),
(1112, 'Marian Martin De Bernardo*', NULL, NULL, NULL, 0, NULL, NULL),
(1113, 'Javier Gimeno*', NULL, NULL, NULL, 0, NULL, NULL),
(1114, 'María carmen gargallo', 'marimaryalk@gmail.com', 'c585af5d7bad307eab3f65783a072f2b3c901a64', '696874840', 0, NULL, NULL),
(1115, 'concha Gimeno', NULL, NULL, NULL, 0, NULL, NULL),
(1116, 'sandra Belchi*', NULL, NULL, '651025470', 0, NULL, NULL),
(1117, 'Azahara Robles Gallego', 'azahararoblesgallego@gmail.com', NULL, NULL, 0, NULL, NULL),
(1118, 'mireia gimeno*', NULL, NULL, NULL, 0, NULL, NULL),
(1119, 'Amalia Gargallo*', NULL, NULL, '964031955', 0, '652816677', 0),
(1121, 'Susana Contrera+', NULL, NULL, '´627035843', 0, NULL, NULL),
(1122, 'Veronica Serra *', NULL, NULL, '646846279', 0, NULL, NULL),
(1123, 'M.dolores Beltran*', NULL, NULL, NULL, 0, NULL, NULL),
(1124, 'Rebeca Herrando', NULL, NULL, NULL, 0, NULL, NULL),
(1125, 'Verónica Catalán Ibáñez', 'neoalice19th@hotmail.com', 'bc10c8c81ac508ef1d32a3ba5c4c9c7448c6178d', '606101378', 0, NULL, NULL),
(1126, 'Ana Maria Garcia', NULL, NULL, '633666872', 0, NULL, NULL),
(1127, 'Maria Dumont*', NULL, NULL, NULL, 0, NULL, NULL),
(1128, 'Marta Garcia Limariega*', NULL, NULL, '625646574', 0, NULL, NULL),
(1129, 'Adriana Miralles*', NULL, NULL, NULL, 0, NULL, NULL),
(1130, 'Carmiña Aguarta*', NULL, NULL, '629023621', 0, NULL, NULL),
(1131, 'Pepa Salvador', NULL, NULL, NULL, 0, NULL, NULL),
(1132, 'Emma Andrés Escrig', 'emma.colevel@gmail.com', 'd711b5250f0dec7bd3e73ef7e98938fb231fb0dc', '687579221', 0, NULL, NULL),
(1133, 'Ismael Bernat*', NULL, NULL, '676840233', 0, NULL, 0),
(1134, 'Laura Carbó*', NULL, NULL, '630673909', 0, NULL, NULL),
(1135, 'M.Carmen Ventura*', NULL, NULL, NULL, 0, NULL, NULL),
(1136, 'Séfora Sáez Martínez', 'seforasaez@rodalia.com', NULL, NULL, 0, NULL, NULL),
(1137, 'Concepción Balaguer*', NULL, NULL, NULL, 0, NULL, NULL),
(1144, 'Eva Carbo*', NULL, NULL, '686059982', 0, NULL, NULL),
(1145, 'Inma Manrique*', NULL, NULL, '647464861', 0, NULL, 0),
(1146, 'Sarai Portoles*', NULL, NULL, '0.926241515', 0, NULL, 0),
(1147, 'Manuela', 'Beltran', '5cc9f11c01ccd29f82dbb20ec199b1964b60c247', '608351328', 0, NULL, NULL),
(1148, 'ana Lopez', NULL, NULL, '649338735', 0, NULL, NULL),
(1149, 'Lidon Vilaroig*', NULL, NULL, '606528240', 0, NULL, NULL),
(1150, 'Arantxa Baudet*', NULL, NULL, NULL, 0, NULL, NULL),
(1151, 'Inmaculada Alemany', 'inmalemany@gmail.com', 'be949382d8cac177e839107051bda29dbc8a11cc', '636513417', 0, NULL, NULL),
(1152, 'Candis Covaciu*', NULL, NULL, '645839330', 0, NULL, NULL),
(1153, 'Silvia Appenzeller*', NULL, NULL, '606962762', 0, NULL, 0),
(1154, 'Alejandra Camañes*', NULL, NULL, NULL, 0, NULL, NULL),
(1155, 'Teresa Burriel*', NULL, NULL, NULL, 0, NULL, NULL),
(1156, 'Carmina Niñerola Navarro', 'carminaola@ono.com', 'd1ccee752ce0b4bf38347888729ddeaa0aca5cd9', '656369371', 0, NULL, NULL),
(1159, 'Judith Vela Mariscal', 'judith@dinamicacs.com', 'da39a3ee5e6b4b0d3255bfef95601890afd80709', '661280261', 0, NULL, NULL),
(1160, 'Núria Andreu', 'nuriaandreusil@hotmail.com', NULL, NULL, 0, '1783200588609646', NULL),
(1161, 'Fina Melia*', NULL, NULL, NULL, 0, NULL, NULL),
(1162, 'Lucia Gil Llamas', 'lugillam@gmail.com', '2300abb747bc214158ace6f4d2bb45087d29af42', '650526678', 0, NULL, NULL),
(1163, 'Emma Bernat*', NULL, NULL, '653404062', 0, NULL, NULL),
(1164, 'Patricia Vallejo*', NULL, NULL, NULL, 0, NULL, NULL),
(1165, 'Mireia Monsergas*', NULL, NULL, NULL, 0, NULL, NULL),
(1166, 'sANDRA Estamate*', NULL, NULL, '642239640', 0, NULL, NULL),
(1167, 'Vanessa Carrillo*', NULL, NULL, NULL, 0, NULL, NULL),
(1168, 'Yolanda Pérez', 'yolandaperezmt@gmail.com', NULL, NULL, 0, NULL, NULL),
(1169, 'Esther Castellano*', NULL, NULL, NULL, 0, NULL, NULL),
(1170, 'Irene Perez*', NULL, NULL, '619829902', 0, NULL, NULL),
(1172, 'viorela daniela lupu', NULL, NULL, NULL, 0, NULL, NULL),
(1173, 'Laura Pedrosa*', NULL, NULL, '680937495', 0, NULL, NULL),
(1174, 'Silvia Carrasco*', NULL, NULL, NULL, 0, NULL, NULL),
(1175, 'Paula Picasso*-', NULL, NULL, '693061581', 0, NULL, 0),
(1176, 'Regu*', NULL, NULL, NULL, 0, NULL, NULL),
(1177, 'Laura Buendia*', NULL, NULL, '654076589', 0, NULL, NULL),
(1178, 'm.jose Vilar*', NULL, NULL, '669808475', 0, NULL, NULL),
(1179, 'Pilar Gimeno*', NULL, NULL, '639665038', 0, NULL, NULL),
(1180, 'Isabel Franco*', NULL, NULL, '655978582', 0, NULL, NULL),
(1181, 'Olga Pérez Touriño', 'olga_perezt@hotmail.com', 'd7a9089bf3f52040cec8c19a2efbe72f11ae1cad', '665124306', 0, NULL, NULL),
(1182, 'Laura Carbo Torvisco', 'laucar23@hotmail.com', 'b14f4e3aba45dd56e0fd8f281d3398a7ea26ab33', '630673909', 0, NULL, NULL),
(1183, 'Lucia Murla*', NULL, NULL, '695614527', 0, NULL, NULL),
(1184, 'Talia Yobara*', NULL, NULL, '666651190', 0, NULL, 0),
(1185, 'Sara Ferrando*', NULL, NULL, '637850802', 0, NULL, NULL),
(1186, 'Anais*', NULL, NULL, NULL, 0, NULL, NULL),
(1187, 'Lidia Beltran*', NULL, NULL, '697918631', 0, NULL, NULL),
(1188, 'Lidon Sancho*', NULL, NULL, '625243799', 0, NULL, NULL),
(1189, 'vanessa', 'vanessy_mm@hotmail.com', '05964e1edbbfc6be93fa3aa5f1bb83b944a49db7', '650258350', 0, NULL, NULL),
(1190, 'Rosi Hernandez*', NULL, NULL, '615614263', 0, NULL, NULL),
(1191, 'Lorena Tirado*', NULL, NULL, '647588158', 0, NULL, NULL),
(1192, 'Alex Guinot*', NULL, NULL, '651915222', 0, NULL, NULL),
(1193, 'Maria Larrea*', NULL, NULL, '964255126', 0, NULL, NULL),
(1194, 'Nayade*', NULL, NULL, NULL, 0, NULL, NULL),
(1210, 'Gema Ibañez*', NULL, NULL, '636973399', 0, NULL, NULL),
(1211, 'M.Cecilia Alejandro*', NULL, NULL, '635348962', 0, NULL, NULL),
(1212, 'teresa tejedor*', NULL, NULL, NULL, 0, NULL, 0),
(1213, 'Laura Gonzalez*', NULL, NULL, '637310427', 0, NULL, NULL),
(1214, 'Lledó Vidal Garcés', 'trencada@hotmail.com', NULL, NULL, 0, NULL, NULL),
(1215, 'Ada Aleman*', NULL, NULL, '610797197', 0, NULL, NULL),
(1216, 'paula Llorens*', NULL, NULL, NULL, 0, NULL, NULL),
(1217, 'Isabel Maestro*', NULL, NULL, NULL, 0, NULL, NULL),
(1218, 'Elena Olmedo*', NULL, NULL, NULL, 0, NULL, NULL),
(1219, 'Tono Vellver*', NULL, NULL, NULL, 0, NULL, NULL),
(1220, 'Dunia GC', 'ainud78_@hotmail.com', NULL, NULL, 0, NULL, NULL),
(1221, 'gemma vicente*', NULL, NULL, '619921706', 0, NULL, NULL),
(1222, 'Beatriz Marti*', NULL, NULL, '695979903', 0, NULL, NULL),
(1223, 'Marta Romero*', NULL, NULL, '646308398', 0, NULL, NULL),
(1224, 'ana belles*', NULL, NULL, '638984149', 0, NULL, NULL),
(1225, 'Alejandro Martinez*', NULL, NULL, NULL, 0, NULL, NULL),
(1226, 'Lledo Llobregat*', NULL, NULL, NULL, 0, NULL, NULL),
(1227, 'Amanda Hernandez*', NULL, NULL, '679744339', 0, NULL, 0),
(1228, 'Josefa Belles*', NULL, NULL, '635549003', 0, NULL, NULL),
(1230, 'Doli*', NULL, NULL, '628890289', 0, NULL, NULL),
(1231, 'Silvia Romero Ruiz', NULL, NULL, '636553943', 0, NULL, 0),
(1233, 'Maria Del Mar', 'mariadelmarcliment@gmail.com', NULL, '666682055', 0, NULL, 0),
(1234, 'Ana Paga', NULL, NULL, '653264805', 0, NULL, NULL),
(1236, 'Maria Pinedo', 'mery_popins20@hotmail.com', NULL, NULL, 0, NULL, NULL),
(1237, 'Angela Miralles', 'al285691@uji.es', '13a8dd93ceeebdbbb4f72460f484e80f30cada58', '627379188', 0, NULL, NULL),
(1238, 'Claudia Salvador*', NULL, NULL, '964051015', 0, NULL, NULL),
(1240, 'Rosario Martinez*', NULL, NULL, NULL, 0, NULL, NULL),
(1242, 'Elena Sidro*', NULL, NULL, '637025739', 0, NULL, NULL),
(1243, 'Marta Dolz*', NULL, NULL, '66114530', 0, NULL, NULL),
(1244, 'Sara Serrano*', NULL, NULL, '657445464', 0, NULL, NULL),
(1246, 'Angela Morrissey', 'angela_miralles_94@hotmail.com', '13a8dd93ceeebdbbb4f72460f484e80f30cada58', NULL, 0, NULL, NULL),
(1247, 'Marta Calvo Garcia', NULL, NULL, '665738699', 0, NULL, NULL),
(1248, 'raquel criado*', NULL, NULL, NULL, 0, NULL, NULL),
(1253, 'E Tena', 'enriquetenaibanez@gmail.com', 'b9081c99fc8716630d50e8e75c0b9257ce7df4eb', '627349950', 0, NULL, NULL),
(1254, 'Maria Pilar', 'al095872@alumail.uji.es', NULL, NULL, 0, NULL, NULL),
(1255, 'Marta GF', 'marmara_mgm@hotmail.com', NULL, NULL, 0, NULL, NULL),
(1256, 'v eronica bienvenida*', NULL, NULL, NULL, 0, NULL, NULL),
(1257, 'veronica bienvenida', NULL, NULL, NULL, 0, NULL, NULL),
(1258, 'Carmen Rocamonde', NULL, NULL, '625782079', 0, NULL, 0),
(1259, 'M.eugenia*', NULL, NULL, '686558212', 0, NULL, NULL),
(1260, 'Mara TUR*', NULL, NULL, '605959535', 0, NULL, NULL),
(1261, 'Inma Personat', NULL, NULL, NULL, 0, NULL, NULL),
(1262, 'SILVIA MARTI', 'silviamp2@hotmail.com', '56815506e7e2f0a34f6ee891e4380d8700d26417', '651833831', 0, NULL, NULL),
(1263, 'Sada Gomez*', NULL, NULL, '686923367', 0, NULL, NULL),
(1264, 'Francisca Gala *', NULL, NULL, '650107935', 0, NULL, NULL),
(1265, 'Karla Navarrete', 'karlapaola86@gmail.com', '3ce462a56c65b03c3eec36eeff58bdab425caa95', '620181047', 0, NULL, NULL),
(1266, 'Lledo Nuñez*', NULL, NULL, NULL, 0, NULL, NULL),
(1267, 'Mari Peñaranda*', NULL, NULL, NULL, 0, NULL, NULL),
(1268, 'Nara toran*', NULL, NULL, NULL, 0, NULL, NULL),
(1269, 'Gema Puerto', NULL, NULL, NULL, 0, NULL, NULL),
(1271, 'andreaaan', 'andreaadellninyerola@gmail.com', '205bd665c4333abdbd2301291d17014cff909281', '695552374', 0, NULL, NULL),
(1272, 'Juan Bautista', NULL, NULL, NULL, 0, NULL, NULL),
(1273, 'gema diaz*', NULL, NULL, '602497352', 0, NULL, NULL),
(1274, 'Monica Mudarra castillo', 'monicamudarra80@gmail.com', '6c0379a0674f47d1fa984fe81684f93e41019a4d', '964039064', 0, NULL, NULL),
(1275, 'Paqui Gala*', NULL, NULL, NULL, 0, NULL, NULL),
(1276, 'Patricia Martinez*', NULL, NULL, '670010530', 0, NULL, 0),
(1277, 'Laura Ibañez*', NULL, NULL, NULL, 0, NULL, NULL),
(1278, 'Fernando Molina*', NULL, NULL, NULL, 0, NULL, NULL),
(1283, 'M Sos', 'mtsos2013@gmail.com', 'e9b5242afa34582c89a140cefe67b6113f017300', '650966567', 0, NULL, NULL),
(1284, 'mercedes Granell', NULL, NULL, NULL, 0, NULL, NULL),
(1285, 'angela Belles*', NULL, NULL, NULL, 0, NULL, NULL),
(1286, 'Donatella*', NULL, NULL, '1567905173', 0, NULL, NULL),
(1287, 'belen Monerris*', NULL, NULL, '638604510', 0, NULL, NULL),
(1288, 'Patricia Pons*', NULL, NULL, '659705888', 0, NULL, NULL),
(1289, 'Marta Gil*', NULL, NULL, '620500449', 0, NULL, NULL),
(1291, 'blanca montero*', NULL, NULL, '674336277', 0, NULL, NULL),
(1292, 'Azahara Catalan*', NULL, NULL, '600827100', 0, NULL, NULL),
(1293, 'Alba García Llorens', 'alba09beta@gmail.com', 'e0cab4078367ff77ed7c575d3c541d02f453b1b9', '659006841', 0, NULL, NULL),
(1294, 'Alba Garcia*', NULL, NULL, NULL, 0, NULL, NULL),
(1295, 'paula alcon*', NULL, NULL, '676080769', 0, NULL, NULL),
(1296, 'Leila Pitarch*', NULL, NULL, '630616900', 0, NULL, NULL),
(1297, 'andrea fragua*', NULL, NULL, NULL, 0, NULL, NULL),
(1298, 'Julia Vicent Pitarch', NULL, NULL, '622302597', 0, NULL, 0),
(1299, 'Beatriz Alemany*', NULL, NULL, '629557003', 0, NULL, NULL),
(1300, 'Maydo Gil*', NULL, NULL, '6651443382', 0, NULL, NULL),
(1302, 'Laura Lopez*', NULL, NULL, '625257435', 0, NULL, NULL),
(1304, 'jorge Rubio*', NULL, NULL, NULL, 0, NULL, NULL),
(1305, 'Maria del Mar Clausich*', NULL, NULL, '615839007', 0, NULL, NULL),
(1306, 'Paula Borras*', NULL, NULL, '647843192', 0, NULL, NULL),
(1307, 'Claudia*', NULL, NULL, '971558518717', 0, NULL, NULL),
(1308, 'Teresa Fortanet*', NULL, NULL, '606008895', 0, NULL, NULL),
(1309, 'Maria Llobet*', NULL, NULL, '666288746', 0, NULL, NULL),
(1310, 'Maria Esteban*', NULL, NULL, '652395904', 0, NULL, NULL),
(1311, 'ana cerdá prades', 'acerpra@gmail.com', '6da3bf9fe1596a2ea7e453c7f0c36fe44c620be1', '649490380', 0, NULL, 0),
(1312, 'Toña Llacer*', NULL, NULL, '607111119', 0, NULL, 0),
(1313, 'cati miguele*', NULL, NULL, '610560854', 0, NULL, NULL),
(1314, 'Rosario Maria', 'rosmarieta@hotmail.com', '34676e66242717126447a63b4ba3fe3069406f90', '671667544', 0, NULL, NULL),
(1315, 'M. Angeles Peiro*', NULL, NULL, '616208077', 0, NULL, NULL),
(1316, 'M.Angeles Peiro*', NULL, NULL, '616208077', 0, NULL, NULL),
(1317, 'borja Enrique*', NULL, NULL, NULL, 0, NULL, NULL),
(1318, 'Lourdes Novelques*', NULL, NULL, '660714571', 0, NULL, NULL),
(1319, 'marta Navarro*', NULL, NULL, '602670480', 0, NULL, NULL),
(1322, 'SEFORA', 'asisviciano@rodalia.com', 'f284813dfa0fc9370cc53bc712c80b2e37938619', '615373915', 0, NULL, NULL),
(1323, 'sandra valles*', NULL, NULL, '646177654', 0, NULL, 0),
(1324, 'rosa elvira*', NULL, NULL, NULL, 0, NULL, NULL),
(1325, 'Candela Tirado*', NULL, NULL, NULL, 0, NULL, NULL),
(1326, 'Elena Herrero*', NULL, NULL, '640126622', 0, NULL, NULL),
(1327, 'Lisy*', NULL, NULL, '685715174', 0, NULL, NULL),
(1328, 'Elena Llopis Gimeno', NULL, NULL, NULL, 0, NULL, NULL),
(1329, 'Angela Hernandez*', NULL, NULL, '676595874', 0, NULL, NULL),
(1330, 'Maite Caballer*', NULL, NULL, '677324590', 0, NULL, NULL),
(1331, 'Neus Navarro*', NULL, NULL, '633771921', 0, NULL, NULL),
(1332, 'Adela', 'atarraga@xtec.cat', 'db42be570591a0e8440b5d3a8fda401fa779cb02', '628575745', 0, NULL, NULL),
(1333, 'Noelia Barbero*', NULL, NULL, '626293173', 0, NULL, NULL),
(1334, 'Marta Martí Gines*', NULL, NULL, '650311479', 0, NULL, NULL),
(1335, 'Marina Lucendo*', NULL, NULL, '645445225', 0, NULL, NULL),
(1336, 'haridian*', NULL, NULL, '637298912', 0, NULL, NULL),
(1337, 'Bauti Gomez*', NULL, NULL, '620013003', 0, NULL, NULL),
(1338, 'Raquel Gimeno', NULL, NULL, NULL, 0, NULL, NULL),
(1339, 'Ines Traver*', NULL, NULL, NULL, 0, NULL, NULL),
(1340, 'Almudena Garcia*', NULL, NULL, '666325010', 0, NULL, NULL),
(1341, 'araceli Garcia*', NULL, NULL, '619114262', 0, NULL, 0),
(1342, 'Nuria Sanchez*', NULL, NULL, NULL, 0, NULL, NULL),
(1343, 'Rebeca Gil*', NULL, NULL, NULL, 0, NULL, NULL),
(1344, 'Alex Andrés*', NULL, NULL, NULL, 0, NULL, NULL),
(1345, 'Belen Tejedor*', NULL, NULL, '616266018', 0, NULL, 0),
(1346, 'Marina Lucendo', 'marinaluzendo@gmail.con', '4f38a8296991063768e6b89a87b0dae8c630c628', '645445225', 0, NULL, NULL),
(1349, 'consuelo soler*', NULL, NULL, NULL, 0, NULL, NULL),
(1350, 'Jessica Garcia', NULL, NULL, NULL, 0, NULL, NULL),
(1351, 'Le Bouquet333', 'lledollobregat@lebouquet.es', '46b5c7507a9a48e3490e1c99dc285abe56b2a62f', '964063959', 0, NULL, NULL),
(1353, 'Marcela Perez*', NULL, NULL, '650149066', 0, NULL, NULL),
(1354, 'Elvira Escrig*', NULL, NULL, NULL, 0, NULL, NULL),
(1357, 'anasanzs', 'anita.ana241@gmail.com', '4c2b53f61a104fb1de4b8d3e8d9ee60925667bd4', '673305712', 0, NULL, NULL),
(1358, 'lledo Forcada*', NULL, NULL, NULL, 0, NULL, NULL),
(1359, 'isabel Forcada*', NULL, NULL, NULL, 0, NULL, NULL),
(1360, 'Inma Enguuidanos*', NULL, NULL, '638246903', 0, NULL, NULL),
(1361, 'M.Jose Perez*', NULL, NULL, '680227996', 0, NULL, NULL),
(1362, 'laura morales*', NULL, NULL, '606892898', 0, NULL, NULL),
(1363, 'valeri*', NULL, NULL, NULL, 0, NULL, NULL),
(1364, 'Gema Marza*', NULL, NULL, '661055617', 0, NULL, NULL),
(1365, 'Sandra Catalan*', NULL, NULL, '651180015', 0, NULL, NULL),
(1366, 'Silvia Guillamon*', NULL, NULL, '655989037', 0, NULL, NULL),
(1367, 'Pepi Garcia*', NULL, NULL, '650618405', 0, NULL, NULL),
(1368, 'Arasay*', NULL, NULL, NULL, 0, NULL, NULL),
(1370, 'Maria Pons*', NULL, NULL, NULL, 0, NULL, NULL),
(1371, 'Marta Navarro Fernandez', 'navarrofernandezmarta@gmail.com', 'c0184f66baa839f847085bd438746b7c4a52a274', '618490688', 0, NULL, NULL),
(1373, 'Paula Gonzalez*', NULL, NULL, NULL, 0, NULL, NULL),
(1374, 'Amalia Gonzalez lopez', 'gusicaste@gmail.com', NULL, '622773159', 0, NULL, 1),
(1375, 'Sara Baaguer*', NULL, NULL, NULL, 0, NULL, NULL),
(1376, 'Laura Balaguer*', NULL, NULL, NULL, 0, NULL, NULL),
(1377, 'Isabel gozalbo', NULL, NULL, NULL, 0, NULL, NULL),
(1378, 'Maria Aparici*', NULL, NULL, NULL, 0, NULL, NULL),
(1379, 'Encarna Cebrian*', NULL, NULL, NULL, 0, NULL, NULL),
(1380, 'Amparo Rubert*', NULL, NULL, '670817216', 0, NULL, NULL),
(1381, 'Marilo*', NULL, NULL, '619832077', 0, NULL, NULL),
(1382, 'Crezade', NULL, NULL, NULL, 0, NULL, NULL),
(1383, 'Ruth Facundo*', NULL, NULL, NULL, 0, NULL, NULL),
(1384, 'Arturo Gastaldo Vela*', NULL, NULL, NULL, 0, NULL, NULL),
(1385, 'Larisa Lopez*', NULL, NULL, '625242429', 0, NULL, NULL),
(1386, 'Dori Peralta*', NULL, NULL, '669602230', 0, NULL, NULL),
(1389, 'Amparo Museros*', NULL, NULL, '639506655', 0, NULL, NULL),
(1390, 'ana kotova*', NULL, NULL, '630939676', 0, NULL, NULL),
(1391, 'Tania Garcia-Consuegra', 'taniaseguer@gmail.com', 'b4f3f1c830b4114b14e02ca06d89ecb2f43dbb92', '655181098', 0, NULL, NULL),
(1392, 'Ana Climent Asensio*', NULL, NULL, '618287664', 0, NULL, 0),
(1393, 'esperanza Cabrera*', NULL, NULL, NULL, 0, NULL, NULL),
(1394, 'M.José Garcia', NULL, NULL, '618838015', 0, NULL, NULL),
(1395, 'Alba Sebastian*', NULL, NULL, NULL, 0, NULL, NULL),
(1396, 'Maria Mitjavila*', NULL, NULL, NULL, 0, NULL, NULL),
(1397, 'Carmen Martinez*', NULL, NULL, '667803893', 0, NULL, NULL),
(1398, 'Emma Bernad albiol', 'eemmaa81@hotmail.com', 'dd856416bf37faf27870dcf3cc9cfdb0b8aa2e99', '653404062', 0, NULL, NULL),
(1399, 'Esther Sanchez*', NULL, NULL, '671851698', 0, NULL, NULL),
(1400, 'Isabel simon*', NULL, NULL, NULL, 0, NULL, NULL),
(1401, 'Raquel Reyes*', NULL, NULL, '600897167', 0, NULL, NULL),
(1402, 'Tico*', NULL, NULL, '687097027', 0, NULL, NULL),
(1403, 'joana*', NULL, NULL, '678963991', 0, NULL, NULL),
(1404, 'Alicia Edo*', NULL, NULL, '653053554', 0, NULL, NULL),
(1405, 'Zivile*', NULL, NULL, NULL, 0, NULL, NULL),
(1406, 'M.Jose Mira*', NULL, NULL, '697491200', 0, NULL, NULL),
(1409, 'nuria granell*', NULL, NULL, '635079997', 0, NULL, 0),
(1410, 'Vicenta Renau*', NULL, NULL, '679002066', 0, NULL, NULL),
(1411, 'Laura España*', NULL, NULL, '687523340', 0, NULL, NULL),
(1412, 'Yomara*', NULL, NULL, NULL, 0, NULL, NULL),
(1414, 'Paulapg', 'aluap2484@hotmail.com', '221c6fd4fb1ec82891bae7efbeb4b230ace32afe', '699133788', 0, NULL, NULL),
(1415, 'Balma Escuder*', NULL, NULL, NULL, 0, NULL, NULL),
(1416, 'esther Soriano*', NULL, NULL, '606838673', 0, NULL, 0),
(1417, 'sonia garcia*', NULL, NULL, '635519337', 0, NULL, NULL),
(1418, 'Rebeca Usa*', NULL, NULL, '650292425', 0, NULL, NULL),
(1419, 'Esther Bosch*', NULL, NULL, '636879020', 0, NULL, NULL),
(1420, 'Arantxa Capdevila*', NULL, NULL, '665281539', 0, NULL, NULL),
(1428, 'Lorena Berzona*', NULL, NULL, '630719983', 0, NULL, 0),
(1429, 'Estefania Diaz*', NULL, NULL, NULL, 0, NULL, NULL),
(1431, 'Maria Pascual*', NULL, NULL, '630619099', 0, NULL, NULL),
(1433, 'rocio Basaga*', NULL, NULL, '636474597', 0, NULL, NULL),
(1434, 'Megan Frederickson*', NULL, NULL, '650292425', 0, NULL, NULL),
(1437, 'Isabel Fabregat Basco', 'xabeli24@hotmail.com', 'dfa98a0f7df479787594bbe615daa01b44417636', '689225548', 0, NULL, NULL),
(1438, 'Maribel Garcia*', NULL, NULL, '639884744', 0, NULL, NULL),
(1439, 'Raquel Sarmiento*', NULL, NULL, '677058338', 0, NULL, NULL),
(1440, 'IRUNE RODRIGUEZ', 'paulahugogr@gmail.com', 'cdfb43fe1868c403ae90b93aa2d38ae5740c5483', '679404982', 0, NULL, NULL),
(1441, 'Beatriz Ariño*', NULL, NULL, NULL, 0, NULL, NULL),
(1442, 'Ignacio Villarejo*', NULL, NULL, '660842949', 0, NULL, NULL),
(1444, 'Alicia*', NULL, NULL, NULL, 0, NULL, NULL),
(1445, 'Marilo Amat Quintana*', NULL, NULL, '696725256', 0, NULL, NULL),
(1447, 'isabel moreno*', NULL, NULL, '607540122', 0, NULL, NULL),
(1448, 'M.Jose Garcia*', NULL, NULL, '618838015', 0, NULL, NULL),
(1451, 'Mirco*', NULL, NULL, '393896803131', 0, NULL, NULL),
(1452, 'Toñi Junquera*', NULL, NULL, '692963919', 0, NULL, NULL),
(1453, 'Pilar Rojas*', NULL, NULL, '606445304', 0, NULL, NULL),
(1454, 'Toñi romero*', NULL, NULL, '619096237', 0, NULL, NULL),
(1455, 'idoia Carrillo*', NULL, NULL, NULL, 0, NULL, NULL),
(1456, 'Maria Allepuz Terrades*', NULL, NULL, '666251782', 0, NULL, NULL),
(1458, 'Noelia Nebot*', NULL, NULL, '626365405', 0, NULL, 0),
(1459, 'alba mejias*', NULL, NULL, NULL, 0, NULL, NULL),
(1460, 'Tatiana Rilo*', NULL, NULL, '633349110', 0, NULL, NULL),
(1461, 'Luz Gomez*', NULL, NULL, '637871590', 0, NULL, NULL),
(1462, 'Leonor Ibañez*', NULL, NULL, '655118660', 0, NULL, NULL),
(1463, 'Maria Isabel Lazaro*', NULL, NULL, '687849601', 0, NULL, NULL),
(1464, 'esther Navas*', NULL, NULL, '653312483', 0, NULL, NULL),
(1465, 'Isabel Bordils*', NULL, NULL, '699252122', 0, NULL, NULL),
(1466, 'Cristina Frontela*', NULL, NULL, NULL, 0, NULL, NULL),
(1467, 'Lidia Monfort*', NULL, NULL, '675316551', 0, NULL, NULL),
(1468, 'Alba Sebastián Tirado', 'al262250@uji.es', 'beb12ac1992bd93aa22b79ca7312289ab4f47b7a', '699611023', 0, NULL, NULL),
(1469, 'vanesa Garcia Pacios', NULL, NULL, '678436872', 0, NULL, NULL),
(1470, 'diana Ladero*', NULL, NULL, '629791489', 0, NULL, NULL),
(1471, 'Elena Cortes*', NULL, NULL, '69626738', 0, NULL, NULL),
(1472, 'maria jose Frances*', NULL, NULL, '650973757', 0, NULL, NULL),
(1473, 'Marta Gimeno', NULL, NULL, '651400971', 0, NULL, NULL),
(1474, 'eva coñado*', NULL, NULL, NULL, 0, NULL, NULL),
(1475, 'Jiuliana*', NULL, NULL, NULL, 0, NULL, NULL),
(1476, 'Andrea Ramos*', NULL, NULL, '675173998', 0, NULL, NULL),
(1477, 'lidia roja', NULL, NULL, NULL, 0, NULL, NULL),
(1478, 'Laura Mon*', NULL, NULL, NULL, 0, NULL, NULL),
(1479, 'Carmina Ramos*', NULL, NULL, '651740460', 0, NULL, NULL),
(1480, 'Silvena Stanimirova', 'silvena15@hotmail.com', '608e929510da6ae9a7930cd3ad91810e7692b502', '0', 0, NULL, NULL),
(1481, 'Regu Olivares García', 'rolivare@uji.es', 'bfe4d12627f6570f2de5212a137b9b4df3e63a46', '637008707', 0, NULL, NULL),
(1482, 'maribel salinas*', NULL, NULL, NULL, 0, NULL, NULL),
(1483, 'Carmen Manea*', NULL, NULL, '964042945', 0, NULL, NULL),
(1484, 'Alicia Balaguer*', NULL, NULL, '666814287', 0, NULL, NULL),
(1485, 'Sonia Deusdad', 'deusdads@gmail.com', '05c201e26e459a0f44dd1601752c4c1ffda3b859', '676861902', 0, NULL, NULL),
(1486, 'M.Carmen Nicolau*', NULL, NULL, '687975291', 0, NULL, NULL),
(1487, 'Rocio Gonzalez*', NULL, NULL, '60599266607', 0, NULL, NULL),
(1488, 'Sara', 'smarcomedina@hitmail.com', '8295c4052d24bfda763353047726a836759012ad', '610091932', 0, NULL, NULL),
(1489, 'Alicia Ventura*', NULL, NULL, '687357148', 0, NULL, NULL),
(1490, 'sivile*', NULL, NULL, NULL, 0, NULL, NULL),
(1492, 'PAULA GOR', 'paulahugogr@hotmail.com', 'cdfb43fe1868c403ae90b93aa2d38ae5740c5483', '679404982', 0, NULL, NULL),
(1493, 'Elena Ferran*', NULL, NULL, '619975581', 0, NULL, NULL),
(1494, 'Conchin Perez*', NULL, NULL, NULL, 0, NULL, NULL),
(1495, 'Carla Sedeño*', NULL, NULL, '964063933', 0, NULL, NULL),
(1496, 'Amparo Barrera*', NULL, NULL, NULL, 0, NULL, NULL),
(1498, 'Lledo Gas*', NULL, NULL, NULL, 0, NULL, NULL),
(1499, 'sara Martin*', NULL, NULL, '697659740', 0, NULL, NULL),
(1500, 'Laura Orellana*', NULL, NULL, NULL, 0, NULL, NULL),
(1501, 'Andres Llobregat*', NULL, NULL, NULL, 0, NULL, NULL),
(1502, 'Claudia Bringas*', NULL, NULL, NULL, 0, NULL, NULL),
(1503, 'cristina pastor*', NULL, NULL, NULL, 0, NULL, NULL),
(1504, 'Angela Mallasen*', NULL, NULL, NULL, 0, NULL, NULL),
(1505, 'Maria Almansa*', NULL, NULL, '964220732', 0, NULL, NULL),
(1506, 'Vaetus Andreea', 'andreeaalexa28@gmail.com', '873e55c35a39f7b96f9161e282ad3a145fe7e13d', '607353306', 0, NULL, NULL),
(1507, 'Beatriz Galvez*', NULL, NULL, '635548144', 0, NULL, NULL),
(1508, 'Andrea Lazaro*', NULL, NULL, '666600051', 0, NULL, NULL),
(1509, 'm.Dolores Falomir*', NULL, NULL, '630592352', 0, NULL, NULL),
(1510, 'Aurea*', NULL, NULL, '633174045', 0, NULL, NULL),
(1511, 'Tania Garcia*', NULL, NULL, '654418471', 0, NULL, NULL),
(1512, 'Andrea Ortega *', NULL, NULL, '663028295', 0, NULL, NULL),
(1513, 'aroa torner*', NULL, NULL, '650147800', 0, NULL, NULL),
(1514, 'Beatriz Bedrina*', NULL, NULL, NULL, 0, NULL, NULL),
(1515, 'Sonia Estrada*', NULL, NULL, '650510386', 0, NULL, NULL),
(1516, 'Delfina Cerdan*', NULL, NULL, '672655815', 0, NULL, NULL),
(1517, 'm.angeles peñaranda*', NULL, NULL, NULL, 0, NULL, NULL),
(1518, 'Elena Dolz', 'elenusky88@gmail.com', '319cc9b915524932f4d4765167e734109b30e48e', '692385873', 0, NULL, NULL),
(1519, 'Ana Maria Altamirano*', NULL, NULL, '638028192', 0, NULL, NULL),
(1520, 'Silvia Martinez*', NULL, NULL, '610289226', 0, NULL, NULL),
(1521, 'pilar Moran*', NULL, NULL, '627219757', 0, NULL, NULL);